,office,ts_id
0,LRL,Taylorsville-Lake.Elev.Inst.15Minutes.0.LRGS-raw
1,LRL,Taylorsville-Lake.Elev.Inst.15Minutes.0.LRGS-rev
2,LRL,Taylorsville-Lake.Elev.Inst.5Minutes.0.LRGS-raw
3,LRL,Taylorsville-Lake.Elev.Inst.5Minutes.0.LRGS-rev
4,LRL,Taylorsville-Lake.Elev.Inst.5Minutes.0.USGS-raw
5,LRL,Taylorsville-Lake.Elev.Inst.5Minutes.0.USGS-rev
6,LRL,Taylorsville-Lake.Precip.Inst.15Minutes.0.LRGS-raw
7,LRL,Taylorsville-Lake.Precip.Inst.5Minutes.0.LRGS-raw
8,LRL,Taylorsville-Lake.Precip.Total.5Minutes.5Minutes.USGS-raw
9,LRL,Taylorsville-Lake.Precip.Total.5Minutes.5Minutes.USGS-rev
10,LRL,Taylorsville-Lake.Temp-Water.Inst.15Minutes.0.USGS-raw
11,LRL,Taylorsville-Lake.Temp-Water.Inst.15Minutes.0.USGS-rev
12,LRL,BowlingGreenIN.Flow.Inst.15Minutes.0.LRGS-comp
13,LRL,BowlingGreenIN.Flow.Inst.15Minutes.0.USGS-raw
14,LRL,BowlingGreenIN.Flow.Inst.15Minutes.0.USGS-rev
15,LRL,BowlingGreenIN.Stage.Inst.15Minutes.0.LRGS-raw
16,LRL,BowlingGreenIN.Stage.Inst.15Minutes.0.LRGS-rev
17,LRL,BowlingGreenIN.Stage.Inst.15Minutes.0.USGS-raw
18,LRL,BowlingGreenIN.Stage.Inst.15Minutes.0.USGS-rev
19,LRL,BowlingGreenIN.Stage.Inst.~1Day.0.lrldlb-raw
20,LRL,BowlingGreenIN.Stage.Inst.~1Day.0.lrldlb-rev
21,LRL,BowlingGreenKY.Flow.Inst.15Minutes.0.LRGS-comp
22,LRL,BowlingGreenKY.Flow.Inst.15Minutes.0.USGS-raw
23,LRL,BowlingGreenKY.Flow.Inst.15Minutes.0.USGS-rev
24,LRL,BowlingGreenKY.Precip.Inst.15Minutes.0.LRGS-raw
25,LRL,BowlingGreenKY.Precip.Total.15Minutes.15Minutes.USGS-raw
26,LRL,BowlingGreenKY.Precip.Total.15Minutes.15Minutes.USGS-rev
27,LRL,BowlingGreenKY.Stage.Inst.15Minutes.0.LRGS-raw
28,LRL,BowlingGreenKY.Stage.Inst.15Minutes.0.LRGS-rev
29,LRL,BowlingGreenKY.Stage.Inst.15Minutes.0.USGS-raw
30,LRL,BowlingGreenKY.Stage.Inst.15Minutes.0.USGS-rev
31,LRL,BowlingGreenKY.Stage.Inst.~1Day.0.lrldlb-raw
32,LRL,BowlingGreenKY.Stage.Inst.~1Day.0.lrldlb-rev
33,LRL,GREENUP-GNUK2.Code-Ice.Inst.0.0.LPMS-raw
34,LRL,GREENUP-GNUK2.Code-Weather.Inst.0.0.LPMS-raw
35,LRL,GREENUP-GNUK2.Count-Hydropower-Units.Inst.0.0.LPMS-raw
36,LRL,GREENUP-GNUK2.Dir-Wind.Inst.0.0.LPMS-raw
37,LRL,GREENUP-GNUK2.Flow-Hydropower.Inst.0.0.LPMS-raw
38,LRL,GREENUP-GNUK2.Flow-Total.Inst.0.0.LPMS-comp
39,LRL,GREENUP-GNUK2.Opening-Gate-Total.Inst.0.0.LPMS-raw
40,LRL,GREENUP-GNUK2.Precip.Total.0.1Day.LPMS-raw
41,LRL,GREENUP-GNUK2.Speed-Wind.Inst.0.0.LPMS-raw
42,LRL,GREENUP-GNUK2.Stage-Headwater.Inst.0.0.LPMS-raw
43,LRL,GREENUP-GNUK2.Stage-Headwater.Inst.1Day.0.LPMS-comp
44,LRL,GREENUP-GNUK2.Stage-Tailwater.Inst.0.0.LPMS-raw
45,LRL,GREENUP-GNUK2.Stage-Tailwater.Inst.1Day.0.LPMS-comp
46,LRL,GREENUP-GNUK2.Temp-Air.Inst.0.0.LPMS-raw
47,LRL,GREENUP-GNUK2.Temp-Water.Inst.0.0.LPMS-raw
48,LRL,Green-Lake.Elev.Inst.15Minutes.0.LRGS-raw
49,LRL,Green-Lake.Elev.Inst.15Minutes.0.LRGS-rev
50,LRL,Green-Lake.Elev.Inst.5Minutes.0.LRGS-raw
51,LRL,Green-Lake.Elev.Inst.5Minutes.0.LRGS-rev
52,LRL,Green-Lake.Elev.Inst.5Minutes.0.USGS-raw
53,LRL,Green-Lake.Elev.Inst.5Minutes.0.USGS-rev
54,LRL,Green-Lake.Precip.Inst.15Minutes.0.LRGS-raw
55,LRL,Green-Lake.Stage.Inst.15Minutes.0.LRGS-raw
56,LRL,Green-Lake.Stage.Inst.15Minutes.0.LRGS-rev
57,LRL,Green-Lake.Stage.Inst.5Minutes.0.LRGS-raw
58,LRL,Green-Lake.Stage.Inst.5Minutes.0.LRGS-rev
59,LRL,Green-Lake.Stage.Inst.5Minutes.0.USGS-raw
60,LRL,Green-Lake.Stage.Inst.5Minutes.0.USGS-rev
61,LRL,Green.Depth-Snow.Inst.~1Day.0.radar-test
62,LRL,Green.Depth-SnowWE.Inst.~1Day.0.radar-test
63,LRL,Green.Elev.Inst.0.0.lrldlb-raw
64,LRL,Green.Elev.Inst.0.0.lrldlb-rev
65,LRL,Green.Elev.Inst.0.0.radar-test
66,LRL,Green.Elev.Inst.15Minutes.0.LRGS-raw
67,LRL,Green.Elev.Inst.15Minutes.0.LRGS-rev
68,LRL,Green.Elev.Inst.1Hour.0.LRL-cavi-fct
69,LRL,Green.Elev.Inst.1Hour.0.National-CWMS-Forecast
70,LRL,Green.Elev.Inst.1Hour.0.lrldlb-comp
71,LRL,Green.Elev.Inst.~1Day.0.LRL-cavi-fct
72,LRL,Green.Flow-BP1.Inst.0.0.lrldlb-comp
73,LRL,Green.Flow-BP1.Inst.1Hour.0.lrldlb-comp
74,LRL,Green.Flow-BP2.Inst.0.0.lrldlb-comp
75,LRL,Green.Flow-BP2.Inst.1Hour.0.lrldlb-comp
76,LRL,Green.Flow-Inflow.Ave.1Hour.1Hour.lrldlb-comp
77,LRL,Green.Flow-Inflow.Ave.1Hour.6Hours.lrldlb-comp
78,LRL,Green.Flow-Inflow.Inst.1Hour.0.National-CWMS-Forecast
79,LRL,Green.Flow-MG1.Inst.0.0.lrldlb-comp
80,LRL,Green.Flow-MG1.Inst.1Hour.0.lrldlb-comp
81,LRL,Green.Flow-Outflow.Ave.1Hour.1Hour.lrldlb-comp
82,LRL,Green.Flow-Outflow.Inst.0.0.lrldlb-comp
83,LRL,Green.Flow-Outflow.Inst.1Hour.0.LRL-cavi-fct
84,LRL,Green.Flow-Outflow.Inst.1Hour.0.National-CWMS-Forecast
85,LRL,Green.Flow-Outflow.Inst.1Hour.0.lrldlb-comp
86,LRL,Green.Flow-Outflow.Inst.~1Day.0.LRL-cavi-fct
87,LRL,Green.Opening-BP1.Inst.0.0.lrldlb-fct
88,LRL,Green.Opening-BP1.Inst.0.0.lrldlb-raw
89,LRL,Green.Opening-BP1.Inst.0.0.lrldlb-rev
90,LRL,Green.Opening-BP1.Inst.0.0.radar-test
91,LRL,Green.Opening-BP1.Inst.1Hour.0.lrldlb-comp
92,LRL,Green.Opening-BP2.Inst.0.0.lrldlb-fct
93,LRL,Green.Opening-BP2.Inst.0.0.lrldlb-raw
94,LRL,Green.Opening-BP2.Inst.0.0.lrldlb-rev
95,LRL,Green.Opening-BP2.Inst.0.0.radar-test
96,LRL,Green.Opening-BP2.Inst.1Hour.0.lrldlb-comp
97,LRL,Green.Opening-L1.Inst.0.0.lrldlb-fct
98,LRL,Green.Opening-L1.Inst.0.0.lrldlb-raw
99,LRL,Green.Opening-L1.Inst.0.0.lrldlb-rev
100,LRL,Green.Opening-L1.Inst.0.0.radar-test
101,LRL,Green.Opening-L1.Inst.1Hour.0.lrldlb-comp
102,LRL,Green.Opening-L2.Inst.0.0.lrldlb-fct
103,LRL,Green.Opening-L2.Inst.0.0.lrldlb-raw
104,LRL,Green.Opening-L2.Inst.0.0.lrldlb-rev
105,LRL,Green.Opening-L2.Inst.0.0.radar-test
106,LRL,Green.Opening-L2.Inst.1Hour.0.lrldlb-comp
107,LRL,Green.Opening-MG1.Inst.0.0.lrldlb-fct
108,LRL,Green.Opening-MG1.Inst.0.0.lrldlb-raw
109,LRL,Green.Opening-MG1.Inst.0.0.lrldlb-rev
110,LRL,Green.Opening-MG1.Inst.0.0.radar-test
111,LRL,Green.Opening-MG1.Inst.1Hour.0.lrldlb-comp
112,LRL,Green.Opening-MG2.Inst.0.0.lrldlb-raw
113,LRL,Green.Opening-MG2.Inst.0.0.lrldlb-rev
114,LRL,Green.Opening-MG2.Inst.1Hour.0.lrldlb-comp
115,LRL,Green.Precip-Loss.Inst.1Hour.0.National-CWMS-Forecast
116,LRL,Green.Precip.Inst.15Minutes.0.LRGS-raw
117,LRL,Green.Precip.Inst.1Hour.0.National-CWMS-Forecast
118,LRL,Green.Precip.Total.1Hour.1Hour.Openweather
119,LRL,Green.Precip.Total.~1Day.1Day.lrldlb-raw
120,LRL,Green.Precip.Total.~1Day.1Day.lrldlb-rev
121,LRL,Green.Precip.Total.~1Day.1Day.radar-test
122,LRL,Green.Stage-Tailwater.Inst.0.0.lrldlb-raw
123,LRL,Green.Stage-Tailwater.Inst.0.0.radar-test
124,LRL,Green.Stage.Inst.15Minutes.0.LRGS-raw
125,LRL,Green.Stage.Inst.15Minutes.0.LRGS-rev
126,LRL,Green.Stor.Inst.1Hour.0.lrldlb-comp
127,LRL,Green.Temp-Air.Inst.1Hour.0.Openweather
128,LRL,Green.Temp-Air.Inst.~1Day.0.lrldlb-raw
129,LRL,Green.Temp-Air.Inst.~1Day.0.radar-test
130,LRL,Green.Temp-Air.Max.~1Day.1Day.lrldlb-raw
131,LRL,Green.Temp-Air.Max.~1Day.1Day.radar-test
132,LRL,Green.Temp-Air.Min.~1Day.1Day.lrldlb-raw
133,LRL,Green.Temp-Air.Min.~1Day.1Day.radar-test
134,LRL,Green.Temp-Water.Inst.~1Day.0.lrldlb-raw
135,LRL,Green.Temp-Water.Inst.~1Day.0.radar-test
136,LRL,Greensburg.Flow.Inst.15Minutes.0.LRGS-comp
137,LRL,Greensburg.Precip.Inst.15Minutes.0.LRGS-raw
138,LRL,Greensburg.Precip.Total.15Minutes.15Minutes.USGS-raw
139,LRL,Greensburg.Precip.Total.15Minutes.15Minutes.USGS-rev
140,LRL,Greensburg.Stage.Inst.15Minutes.0.LRGS-raw
141,LRL,Greensburg.Stage.Inst.15Minutes.0.LRGS-rev
142,LRL,Greensburg.Stage.Inst.15Minutes.0.USGS-raw
143,LRL,Greensburg.Stage.Inst.15Minutes.0.USGS-rev
144,LRL,Greensburg.Stage.Inst.~1Day.0.lrldlb-raw
145,LRL,Greensburg.Stage.Inst.~1Day.0.lrldlb-rev
146,LRL,Greensburg.Stage.Inst.~1Day.0.radar-test
147,LRL,Greensburg.Temp-Water.Inst.15Minutes.0.LRGS-raw
148,LRL,Greensburg.Temp-Water.Inst.15Minutes.0.LRGS-rev
149,LRL,Greensburg.Temp-Water.Inst.15Minutes.0.USGS-raw
150,LRL,Greensburg.Temp-Water.Inst.15Minutes.0.USGS-rev
151,LRL,Catawba.Flow.Inst.15Minutes.0.LRGS-comp
152,LRL,Catawba.Flow.Inst.15Minutes.0.USGS-raw
153,LRL,Catawba.Flow.Inst.15Minutes.0.USGS-rev
154,LRL,Catawba.Flow.Inst.~1Day.0.LRL-cavi-fct
155,LRL,Catawba.Stage.Inst.15Minutes.0.LRGS-raw
156,LRL,Catawba.Stage.Inst.15Minutes.0.LRGS-rev
157,LRL,Catawba.Stage.Inst.15Minutes.0.USGS-raw
158,LRL,Catawba.Stage.Inst.15Minutes.0.USGS-rev
159,LRL,Catawba.Stage.Inst.~1Day.0.lrldlb-raw
160,LRL,Catawba.Stage.Inst.~1Day.0.lrldlb-rev
161,LRL,Buckhorn-Lake.Elev.Inst.15Minutes.0.LRGS-raw
162,LRL,Buckhorn-Lake.Elev.Inst.5Minutes.0.LRGS-raw
163,LRL,Buckhorn-Lake.Elev.Inst.5Minutes.0.LRGS-rev
164,LRL,Buckhorn-Lake.Elev.Inst.5Minutes.0.USGS-raw
165,LRL,Buckhorn-Lake.Elev.Inst.5Minutes.0.USGS-rev
166,LRL,Buckhorn-Lake.Precip.Inst.15Minutes.0.LRGS-raw
167,LRL,Buckhorn-Lake.Precip.Inst.5Minutes.0.LRGS-raw
168,LRL,Buckhorn-Lake.Precip.Total.5Minutes.5Minutes.USGS-raw
169,LRL,Buckhorn-Lake.Precip.Total.5Minutes.5Minutes.USGS-rev
170,LRL,Buckhorn-Lake.Stage.Inst.15Minutes.0.LRGS-raw
171,LRL,Buckhorn-Lake.Stage.Inst.15Minutes.0.LRGS-rev
172,LRL,Buckhorn-Lake.Stage.Inst.5Minutes.0.USGS-raw
173,LRL,Buckhorn-Lake.Stage.Inst.5Minutes.0.USGS-rev
174,LRL,TaylorsvilleOH.Elev.Inst.15Minutes.0.USGS-comp
175,LRL,TaylorsvilleOH.Flow.Inst.15Minutes.0.USGS-raw
176,LRL,TaylorsvilleOH.Flow.Inst.15Minutes.0.USGS-rev
177,LRL,TaylorsvilleOH.Precip.Total.15Minutes.15Minutes.USGS-raw
178,LRL,TaylorsvilleOH.Precip.Total.15Minutes.15Minutes.USGS-rev
179,LRL,TaylorsvilleOH.Stage.Inst.15Minutes.0.USGS-raw
180,LRL,TaylorsvilleOH.Stage.Inst.15Minutes.0.USGS-rev
181,LRL,DUNK2S.Flow.Inst.6Hours.0.OHRFC-0hrQPF
182,LRL,DUNK2S.Flow.Inst.6Hours.0.OHRFC-48hrQPF
183,LRL,DUNK2S.Flow.Inst.6Hours.0.OHRFC-operQPF
184,LRL,BKVI3.Flow-Local.Inst.6Hours.0.OHRFC-0hrQPF
185,LRL,BKVI3.Flow-Local.Inst.6Hours.0.OHRFC-48hrQPF
186,LRL,BKVI3.Flow-Local.Inst.6Hours.0.OHRFC-operQPF
187,LRL,BKVI3.Flow-ResIn.Inst.6Hours.0.OHRFC-0hrQPF
188,LRL,BKVI3.Flow-ResIn.Inst.6Hours.0.OHRFC-48hrQPF
189,LRL,BKVI3.Flow-ResIn.Inst.6Hours.0.OHRFC-operQPF
190,LRL,Olmsted-HW.Stage.Inst.15Minutes.0.USGS-raw
191,LRL,Olmsted-HW.Stage.Inst.15Minutes.0.USGS-rev
192,LRL,Boston.Flow.Inst.0.0.USGS-raw
193,LRL,Boston.Flow.Inst.0.0.USGS-rev
194,LRL,Boston.Flow.Inst.15Minutes.0.LRGS-comp
195,LRL,Boston.Flow.Inst.15Minutes.0.USGS-raw
196,LRL,Boston.Flow.Inst.15Minutes.0.USGS-rev
197,LRL,Boston.Flow.Inst.~1Day.0.LRL-cavi-fct
198,LRL,Boston.Precip.Inst.15Minutes.0.LRGS-raw
199,LRL,Boston.Precip.Total.15Minutes.15Minutes.USGS-raw
200,LRL,Boston.Precip.Total.15Minutes.15Minutes.USGS-rev
201,LRL,Boston.Stage.Inst.15Minutes.0.LRGS-raw
202,LRL,Boston.Stage.Inst.15Minutes.0.LRGS-rev
203,LRL,Boston.Stage.Inst.15Minutes.0.USGS-raw
204,LRL,Boston.Stage.Inst.15Minutes.0.USGS-rev
205,LRL,ALVK2.Flow-Local.Inst.6Hours.0.OHRFC-0hrQPF
206,LRL,ALVK2.Flow-Local.Inst.6Hours.0.OHRFC-48hrQPF
207,LRL,ALVK2.Flow-Local.Inst.6Hours.0.OHRFC-operQPF
208,LRL,ALVK2.Flow.Inst.6Hours.0.OHRFC-0hrQPF
209,LRL,ALVK2.Flow.Inst.6Hours.0.OHRFC-48hrQPF
210,LRL,ALVK2.Flow.Inst.6Hours.0.OHRFC-operQPF
211,LRL,ALVK2S.Flow.Inst.6Hours.0.OHRFC-0hrQPF
212,LRL,ALVK2S.Flow.Inst.6Hours.0.OHRFC-48hrQPF
213,LRL,ALVK2S.Flow.Inst.6Hours.0.OHRFC-operQPF
242,LRL,Cairo-CIRI2.Elev.Inst.6Hours.0.LMRFC-fct-0QPF
243,LRL,Cairo-CIRI2.Elev.Inst.6Hours.0.LMRFC-fct-48QPF
244,LRL,Cairo-CIRI2.Stage.Inst.6Hours.0.LMRFC-fct-0QPF
245,LRL,Cairo-CIRI2.Stage.Inst.6Hours.0.LMRFC-fct-48QPF
246,LRL,Cairo.Elev.Inst.1Hour.0.USGS-rev
247,LRL,Cairo.Precip.Inst.1Hour.0.LRGS-raw
248,LRL,Cairo.Stage.Inst.1Hour.0.LRGS-raw
249,LRL,Cairo.Stage.Inst.1Hour.0.LRGS-rev
250,LRL,Cairo.Stage.Inst.1Hour.0.USGS-raw
251,LRL,Cairo.Stage.Inst.1Hour.0.USGS-rev
252,LRL,Newburgh-NBGI3.Flow-Total.Inst.0.0.LPMS-comp
253,LRL,Newburgh-NBGI3.Flow-Total.Inst.0.0.LPMS-comp-SOModC
254,LRL,Newburgh-NBGI3.Flow-Total.Inst.0.0.LPMS-comp-USGS
255,LRL,Newburgh-NBGI3.Opening-Gate-Total.Inst.0.0.LPMS-raw
256,LRL,Newburgh-NBGI3.Stage-Headwater.Inst.0.0.LPMS-raw
257,LRL,Newburgh-NBGI3.Stage-Headwater.Inst.1Day.0.LPMS-comp
258,LRL,Newburgh-NBGI3.Stage-Tailwater.Inst.0.0.LPMS-raw
259,LRL,Newburgh-NBGI3.Stage-Tailwater.Inst.1Day.0.LPMS-comp
260,LRL,Newburgh.Precip.Inst.15Minutes.0.LRGS-raw
261,LRL,Newburgh.Precip.Total.15Minutes.15Minutes.USGS-raw
262,LRL,Newburgh.Precip.Total.15Minutes.15Minutes.USGS-rev
263,LRL,Newburgh.Stage.Inst.15Minutes.0.LRGS-raw
264,LRL,Newburgh.Stage.Inst.15Minutes.0.LRGS-rev
265,LRL,Newburgh.Stage.Inst.15Minutes.0.USGS-raw
266,LRL,Newburgh.Stage.Inst.15Minutes.0.USGS-rev
267,LRL,Barkley-BARK2.Flow.Ave.~6Hours.6Hours.TVA-fct
268,LRL,Barkley-BARK2.Flow.Inst.1Hour.0.TVA-obs
269,LRL,GRLK2.Flow-ResIn.Inst.6Hours.0.OHRFC-0hrQPF
270,LRL,GRLK2.Flow-ResIn.Inst.6Hours.0.OHRFC-48hrQPF
271,LRL,GRLK2.Flow-ResIn.Inst.6Hours.0.OHRFC-operQPF
272,LRL,GRLK2.Flow.Inst.6Hours.0.OHRFC-0hrQPF
273,LRL,GRLK2.Flow.Inst.6Hours.0.OHRFC-48hrQPF
274,LRL,GRLK2.Flow.Inst.6Hours.0.OHRFC-operQPF
288,LRL,Buckhorn.Depth-Snow.Inst.~1Day.0.radar-test
289,LRL,Buckhorn.Depth-SnowWE.Inst.~1Day.0.radar-test
290,LRL,Buckhorn.Elev.Inst.0.0.lrldlb-raw
291,LRL,Buckhorn.Elev.Inst.0.0.lrldlb-rev
292,LRL,Buckhorn.Elev.Inst.0.0.radar-test
293,LRL,Buckhorn.Elev.Inst.15Minutes.0.LRGS-raw
294,LRL,Buckhorn.Elev.Inst.15Minutes.0.LRGS-rev
295,LRL,Buckhorn.Elev.Inst.1Hour.0.LRL-cavi-fct
296,LRL,Buckhorn.Elev.Inst.1Hour.0.National-CWMS-Forecast
297,LRL,Buckhorn.Elev.Inst.1Hour.0.lrldlb-comp
298,LRL,Buckhorn.Elev.Inst.~1Day.0.LRL-cavi-fct
299,LRL,Buckhorn.Flow-BP1.Inst.0.0.lrldlb-comp
300,LRL,Buckhorn.Flow-BP1.Inst.1Hour.0.lrldlb-comp
301,LRL,Buckhorn.Flow-BP2.Inst.0.0.lrldlb-comp
302,LRL,Buckhorn.Flow-BP2.Inst.1Hour.0.lrldlb-comp
303,LRL,Buckhorn.Flow-Inflow.Ave.1Hour.1Hour.lrldlb-comp
304,LRL,Buckhorn.Flow-Inflow.Ave.1Hour.6Hours.lrldlb-comp
305,LRL,Buckhorn.Flow-Inflow.Inst.1Hour.0.National-CWMS-Forecast
306,LRL,Buckhorn.Flow-MG1.Inst.0.0.lrldlb-comp
307,LRL,Buckhorn.Flow-MG1.Inst.1Hour.0.lrldlb-comp
308,LRL,Buckhorn.Flow-Outflow.Ave.1Hour.1Hour.lrldlb-comp
309,LRL,Buckhorn.Flow-Outflow.Inst.0.0.lrldlb-comp
310,LRL,Buckhorn.Flow-Outflow.Inst.1Hour.0.LRL-cavi-fct
311,LRL,Buckhorn.Flow-Outflow.Inst.1Hour.0.National-CWMS-Forecast
312,LRL,Buckhorn.Flow-Outflow.Inst.1Hour.0.lrldlb-comp
313,LRL,Buckhorn.Flow-Outflow.Inst.~1Day.0.LRL-cavi-fct
314,LRL,Buckhorn.Opening-BP1.Inst.0.0.lrldlb-fct
315,LRL,Buckhorn.Opening-BP1.Inst.0.0.lrldlb-raw
316,LRL,Buckhorn.Opening-BP1.Inst.0.0.lrldlb-rev
317,LRL,Buckhorn.Opening-BP1.Inst.0.0.radar-test
318,LRL,Buckhorn.Opening-BP1.Inst.1Hour.0.lrldlb-comp
319,LRL,Buckhorn.Opening-BP2.Inst.0.0.lrldlb-fct
320,LRL,Buckhorn.Opening-BP2.Inst.0.0.lrldlb-raw
321,LRL,Buckhorn.Opening-BP2.Inst.0.0.lrldlb-rev
322,LRL,Buckhorn.Opening-BP2.Inst.0.0.radar-test
323,LRL,Buckhorn.Opening-BP2.Inst.1Hour.0.lrldlb-comp
324,LRL,Buckhorn.Opening-L1.Inst.0.0.lrldlb-raw
325,LRL,Buckhorn.Opening-L1.Inst.0.0.lrldlb-rev
326,LRL,Buckhorn.Opening-L1.Inst.1Hour.0.lrldlb-comp
327,LRL,Buckhorn.Opening-L2.Inst.0.0.lrldlb-raw
328,LRL,Buckhorn.Opening-L2.Inst.0.0.lrldlb-rev
329,LRL,Buckhorn.Opening-L2.Inst.1Hour.0.lrldlb-comp
330,LRL,Buckhorn.Opening-MG1.Inst.0.0.lrldlb-fct
331,LRL,Buckhorn.Opening-MG1.Inst.0.0.lrldlb-raw
332,LRL,Buckhorn.Opening-MG1.Inst.0.0.lrldlb-rev
333,LRL,Buckhorn.Opening-MG1.Inst.0.0.radar-test
334,LRL,Buckhorn.Opening-MG1.Inst.1Hour.0.lrldlb-comp
335,LRL,Buckhorn.Opening-MG2.Inst.0.0.lrldlb-raw
336,LRL,Buckhorn.Opening-MG2.Inst.0.0.lrldlb-rev
337,LRL,Buckhorn.Opening-MG2.Inst.1Hour.0.lrldlb-comp
338,LRL,Buckhorn.Precip-Loss.Inst.1Hour.0.National-CWMS-Forecast
339,LRL,Buckhorn.Precip.Inst.15Minutes.0.LRGS-raw
340,LRL,Buckhorn.Precip.Inst.1Hour.0.National-CWMS-Forecast
341,LRL,Buckhorn.Precip.Total.1Hour.1Hour.Openweather
342,LRL,Buckhorn.Precip.Total.~1Day.1Day.lrldlb-raw
343,LRL,Buckhorn.Precip.Total.~1Day.1Day.lrldlb-rev
344,LRL,Buckhorn.Precip.Total.~1Day.1Day.radar-test
345,LRL,Buckhorn.Stage-Tailwater.Inst.0.0.lrldlb-raw
346,LRL,Buckhorn.Stage-Tailwater.Inst.0.0.radar-test
347,LRL,Buckhorn.Stage.Inst.15Minutes.0.LRGS-raw
348,LRL,Buckhorn.Stage.Inst.15Minutes.0.LRGS-rev
349,LRL,Buckhorn.Stor.Inst.1Hour.0.lrldlb-comp
350,LRL,Buckhorn.Temp-Air.Inst.1Hour.0.Openweather
351,LRL,Buckhorn.Temp-Air.Inst.~1Day.0.lrldlb-raw
352,LRL,Buckhorn.Temp-Air.Inst.~1Day.0.radar-test
353,LRL,Buckhorn.Temp-Air.Max.~1Day.1Day.lrldlb-raw
354,LRL,Buckhorn.Temp-Air.Max.~1Day.1Day.radar-test
355,LRL,Buckhorn.Temp-Air.Min.~1Day.1Day.lrldlb-raw
356,LRL,Buckhorn.Temp-Air.Min.~1Day.1Day.radar-test
357,LRL,Buckhorn.Temp-Water.Inst.~1Day.0.lrldlb-raw
358,LRL,Buckhorn.Temp-Water.Inst.~1Day.0.radar-test
359,LRL,Kentucky-KYDK2.Flow.Ave.~6Hours.6Hours.TVA-fct
360,LRL,Kentucky-KYDK2.Flow.Inst.1Hour.0.TVA-obs
367,LRL,Olmsted-OLMI2.Code-Ice.Inst.0.0.LPMS-raw
368,LRL,Olmsted-OLMI2.Code-Weather.Inst.0.0.LPMS-raw
369,LRL,Olmsted-OLMI2.Count-Needles.Inst.0.0.LPMS-raw
370,LRL,Olmsted-OLMI2.Count-Wickets-Down.Inst.0.0.LPMS-raw
371,LRL,Olmsted-OLMI2.Dir-Wind.Inst.0.0.LPMS-raw
372,LRL,Olmsted-OLMI2.Elev-Headwater.Inst.15Minutes.0.USGS-comp
373,LRL,Olmsted-OLMI2.Elev-Tailwater.Inst.15Minutes.0.USGS-comp
374,LRL,Olmsted-OLMI2.Flow.Ave.15Minutes.15Minutes.USGS-raw
375,LRL,Olmsted-OLMI2.Flow.Ave.15Minutes.15Minutes.USGS-rev
376,LRL,Olmsted-OLMI2.Opening-Gate-Average.Inst.1Hour.0.LPMS-comp
377,LRL,Olmsted-OLMI2.Opening-Gate-Total.Inst.0.0.LPMS-raw
378,LRL,Olmsted-OLMI2.Precip.Total.0.1Day.LPMS-raw
379,LRL,Olmsted-OLMI2.Precip.Total.15Minutes.15Minutes.USGS-raw
380,LRL,Olmsted-OLMI2.Precip.Total.15Minutes.15Minutes.USGS-rev
381,LRL,Olmsted-OLMI2.Stage-Headwater.Inst.0.0.LPMS-raw
382,LRL,Olmsted-OLMI2.Stage-Headwater.Inst.15Minutes.0.USGS-raw
383,LRL,Olmsted-OLMI2.Stage-Headwater.Inst.15Minutes.0.USGS-rev
384,LRL,Olmsted-OLMI2.Stage-Headwater.Inst.1Day.0.LPMS-comp
385,LRL,Olmsted-OLMI2.Stage-Tailwater.Inst.0.0.LPMS-raw
386,LRL,Olmsted-OLMI2.Stage-Tailwater.Inst.15Minutes.0.USGS-raw
387,LRL,Olmsted-OLMI2.Stage-Tailwater.Inst.15Minutes.0.USGS-rev
388,LRL,Olmsted-OLMI2.Stage-Tailwater.Inst.1Day.0.LPMS-comp
389,LRL,Olmsted-OLMI2.Temp-Air.Inst.0.0.LPMS-raw
390,LRL,Olmsted-OLMI2.Temp-Water.Inst.0.0.LPMS-raw
391,LRL,Olmsted-OLMI2.Temp-Water.Inst.15Minutes.0.USGS-raw
392,LRL,Olmsted-OLMI2.Temp-Water.Inst.15Minutes.0.USGS-rev
393,LRL,Olmsted-TW.Stage.Inst.15Minutes.0.USGS-raw
394,LRL,Olmsted-TW.Stage.Inst.15Minutes.0.USGS-rev
395,LRL,Olmsted.Flow.Ave.15Minutes.15Minutes.USGS-raw
396,LRL,Olmsted.Flow.Ave.15Minutes.15Minutes.USGS-rev
397,LRL,Olmsted.Precip.Total.15Minutes.15Minutes.USGS-raw
398,LRL,Olmsted.Precip.Total.15Minutes.15Minutes.USGS-rev
399,LRL,Olmsted.Stage-Tailwater.Inst.15Minutes.0.LRGS-raw
400,LRL,Olmsted.Stage-Tailwater.Inst.15Minutes.0.LRGS-rev
401,LRL,Olmsted.Temp-Water.Inst.15Minutes.0.USGS-raw
402,LRL,Olmsted.Temp-Water.Inst.15Minutes.0.USGS-rev
403,LRL,OlmstedUpr.Stage.Inst.15Minutes.0.LRGS-raw
404,LRL,OlmstedUpr.Stage.Inst.15Minutes.0.LRGS-rev
417,LRL,Taylorsville.Elev.Inst.0.0.lrldlb-raw
418,LRL,Taylorsville.Elev.Inst.0.0.lrldlb-rev
419,LRL,Taylorsville.Elev.Inst.15Minutes.0.LRGS-raw
420,LRL,Taylorsville.Elev.Inst.15Minutes.0.LRGS-rev
421,LRL,Taylorsville.Elev.Inst.1Hour.0.LRL-cavi-fct
422,LRL,Taylorsville.Elev.Inst.1Hour.0.National-CWMS-Forecast
423,LRL,Taylorsville.Elev.Inst.1Hour.0.lrldlb-comp
424,LRL,Taylorsville.Elev.Inst.~1Day.0.LRL-cavi-fct
425,LRL,Taylorsville.Flow-BP1.Inst.0.0.lrldlb-comp
426,LRL,Taylorsville.Flow-BP1.Inst.1Hour.0.lrldlb-comp
427,LRL,Taylorsville.Flow-BP2.Inst.0.0.lrldlb-comp
428,LRL,Taylorsville.Flow-BP2.Inst.1Hour.0.lrldlb-comp
429,LRL,Taylorsville.Flow-Inflow.Ave.1Hour.1Hour.lrldlb-comp
430,LRL,Taylorsville.Flow-Inflow.Ave.1Hour.6Hours.lrldlb-comp
431,LRL,Taylorsville.Flow-Inflow.Inst.1Hour.0.National-CWMS-Forecast
432,LRL,Taylorsville.Flow-MG1.Inst.0.0.lrldlb-comp
433,LRL,Taylorsville.Flow-MG1.Inst.1Hour.0.lrldlb-comp
434,LRL,Taylorsville.Flow-MG2.Inst.0.0.lrldlb-comp
435,LRL,Taylorsville.Flow-MG2.Inst.1Hour.0.lrldlb-comp
436,LRL,Taylorsville.Flow-Outflow.Ave.1Hour.1Hour.lrldlb-comp
437,LRL,Taylorsville.Flow-Outflow.Inst.0.0.lrldlb-comp
438,LRL,Taylorsville.Flow-Outflow.Inst.1Hour.0.LRL-cavi-fct
439,LRL,Taylorsville.Flow-Outflow.Inst.1Hour.0.National-CWMS-Forecast
440,LRL,Taylorsville.Flow-Outflow.Inst.1Hour.0.lrldlb-comp
441,LRL,Taylorsville.Flow-Outflow.Inst.~1Day.0.LRL-cavi-fct
442,LRL,Taylorsville.Flow.Inst.15Minutes.0.USGS-raw
443,LRL,Taylorsville.Flow.Inst.15Minutes.0.USGS-rev
444,LRL,Taylorsville.Opening-BP1.Inst.0.0.lrldlb-fct
445,LRL,Taylorsville.Opening-BP1.Inst.0.0.lrldlb-raw
446,LRL,Taylorsville.Opening-BP1.Inst.0.0.lrldlb-rev
447,LRL,Taylorsville.Opening-BP1.Inst.1Hour.0.lrldlb-comp
448,LRL,Taylorsville.Opening-BP2.Inst.0.0.lrldlb-fct
449,LRL,Taylorsville.Opening-BP2.Inst.0.0.lrldlb-raw
450,LRL,Taylorsville.Opening-BP2.Inst.0.0.lrldlb-rev
451,LRL,Taylorsville.Opening-BP2.Inst.1Hour.0.lrldlb-comp
452,LRL,Taylorsville.Opening-L1.Inst.0.0.lrldlb-fct
453,LRL,Taylorsville.Opening-L1.Inst.0.0.lrldlb-raw
454,LRL,Taylorsville.Opening-L1.Inst.0.0.lrldlb-rev
455,LRL,Taylorsville.Opening-L1.Inst.1Hour.0.lrldlb-comp
456,LRL,Taylorsville.Opening-L2.Inst.0.0.lrldlb-fct
457,LRL,Taylorsville.Opening-L2.Inst.0.0.lrldlb-raw
458,LRL,Taylorsville.Opening-L2.Inst.0.0.lrldlb-rev
459,LRL,Taylorsville.Opening-L2.Inst.1Hour.0.lrldlb-comp
460,LRL,Taylorsville.Opening-MG1.Inst.0.0.lrldlb-fct
461,LRL,Taylorsville.Opening-MG1.Inst.0.0.lrldlb-raw
462,LRL,Taylorsville.Opening-MG1.Inst.0.0.lrldlb-rev
463,LRL,Taylorsville.Opening-MG1.Inst.1Hour.0.lrldlb-comp
464,LRL,Taylorsville.Opening-MG2.Inst.0.0.lrldlb-fct
465,LRL,Taylorsville.Opening-MG2.Inst.0.0.lrldlb-raw
466,LRL,Taylorsville.Opening-MG2.Inst.0.0.lrldlb-rev
467,LRL,Taylorsville.Opening-MG2.Inst.1Hour.0.lrldlb-comp
468,LRL,Taylorsville.Precip-Loss.Inst.1Hour.0.National-CWMS-Forecast
469,LRL,Taylorsville.Precip.Inst.15Minutes.0.LRGS-raw
470,LRL,Taylorsville.Precip.Inst.1Hour.0.National-CWMS-Forecast
471,LRL,Taylorsville.Precip.Total.15Minutes.15Minutes.USGS-raw
472,LRL,Taylorsville.Precip.Total.15Minutes.15Minutes.USGS-rev
473,LRL,Taylorsville.Precip.Total.1Hour.1Hour.Openweather
474,LRL,Taylorsville.Precip.Total.~1Day.1Day.lrldlb-raw
475,LRL,Taylorsville.Precip.Total.~1Day.1Day.lrldlb-rev
476,LRL,Taylorsville.Stage-Tailwater.Inst.0.0.lrldlb-raw
477,LRL,Taylorsville.Stage.Inst.15Minutes.0.USGS-raw
478,LRL,Taylorsville.Stage.Inst.15Minutes.0.USGS-rev
479,LRL,Taylorsville.Stage.Inst.~1Day.0.lrldlb-raw
480,LRL,Taylorsville.Stage.Inst.~1Day.0.lrldlb-rev
481,LRL,Taylorsville.Stor.Inst.1Hour.0.lrldlb-comp
482,LRL,Taylorsville.Temp-Air.Inst.1Hour.0.Openweather
483,LRL,Taylorsville.Temp-Air.Inst.~1Day.0.lrldlb-raw
484,LRL,Taylorsville.Temp-Air.Max.~1Day.1Day.lrldlb-raw
485,LRL,Taylorsville.Temp-Air.Min.~1Day.1Day.lrldlb-raw
486,LRL,Taylorsville.Temp-Water.Inst.~1Day.0.lrldlb-raw
506,LRL,DUNK2.Flow-Local.Inst.6Hours.0.OHRFC-0hrQPF
507,LRL,DUNK2.Flow-Local.Inst.6Hours.0.OHRFC-48hrQPF
508,LRL,DUNK2.Flow-Local.Inst.6Hours.0.OHRFC-operQPF
509,LRL,DUNK2.Flow.Inst.6Hours.0.OHRFC-0hrQPF
510,LRL,DUNK2.Flow.Inst.6Hours.0.OHRFC-48hrQPF
511,LRL,DUNK2.Flow.Inst.6Hours.0.OHRFC-operQPF
533,LRL,Cincinnati.Elev.Inst.15Minutes.0.USGS-comp
534,LRL,Cincinnati.Flow.Inst.15Minutes.0.USGS-raw
535,LRL,Cincinnati.Flow.Inst.15Minutes.0.USGS-rev
536,LRL,Cincinnati.Stage.Inst.15Minutes.0.LRGS-raw
537,LRL,Cincinnati.Stage.Inst.15Minutes.0.LRGS-rev
538,LRL,Cincinnati.Stage.Inst.15Minutes.0.USGS-raw
539,LRL,Cincinnati.Stage.Inst.15Minutes.0.USGS-rev
540,LRL,Cincinnati.Stage.Inst.~1Day.0.lrldlb-raw
541,LRL,Cincinnati.Stage.Inst.~1Day.0.lrldlb-rev
