office,name,kind,unit,nation,active,aliases,nearest-city,time-zone,latitude,longitude,horizontal-datum,elevation,vertical-datum,state,county,bounding-office,map-label,public-name,long-name,type,published-latitude,published-longitude,description
LRL,Taylorsville-Lake,SITE,ft,United States,True,"[{'name': 'Agency Aliases-USGS Station Number', 'value': '03295597'}, {'name': 'Agency Aliases-USGS Station Number', 'value': '03295890-Lake'}, {'name': 'Agency Aliases-NIDID', 'value': 'KY00051-Lake'}]","Taylorsville, KY",US/Eastern,38.003568,-85.3065171,NAD27,466.84999999999997,NGVD29,KY,Spencer,LRL,Taylorsville Lake,,,,,,
LRL,Green-GRLK2,SITE,m,United States,True,"[{'name': 'Agency Aliases-NIDID', 'value': 'KY03007-GRLK2'}]","Cane Valley, KY",US/Eastern,37.2461111,-85.3391667,NAD27,203.6064,NGVD29,KY,Taylor,LRL,Green River Lake,,,,,,
LRL,Boston-BSNK2L,SITE,m,United States,True,"[{'name': 'Agency Aliases-DCP Platform ID', 'value': 'CE693326-BSNK2L'}, {'name': 'Agency Aliases-USGS Station Number', 'value': '03301500-BSNK2L'}]",,US/Eastern,37.767286111111,-85.70385,,122.048016,NGVD29,KY,Nelson,,,,,,,,
LRL,Green,PROJECT,ft,United States,True,"[{'name': 'Agency Aliases-NIDID', 'value': 'KY03007'}]","Cane Valley, KY",US/Eastern,37.2461111,-85.3391667,NAD27,668.0,NGVD29,KY,Taylor,LRL,Green River Lake,Green River Lake,Green,Corps Reservoir,,,
LRL,Taylorsville-Bypass02,SITE,m,United States,True,"[{'name': 'Agency Aliases-USGS Station Number', 'value': '03295890-Bypass02'}, {'name': 'Agency Aliases-NIDID', 'value': 'KY00051-Bypass02'}]","Taylorsville, KY",US/Eastern,38.003568,-85.3065171,NAD27,142.29588,NGVD29,KY,Spencer,LRL,Taylorsville Lake,,,,,,
LRL,Catawba,SITE,ft,United States,True,"[{'name': 'Agency Aliases-USGS Station Number', 'value': '03253500'}]","Falmouth, KY",US/Eastern,38.7103478,-84.3107693,NAD27,500.01,NGVD29,KY,Pendleton,LRL,Licking River at Catawba,"LICKING RIVER AT CATAWBA, KY","LICKING RIVER AT CATAWBA, KY",Stream Gauge,,,
LRL,Buckhorn-Lake,SITE,ft,United States,True,"[{'name': 'Agency Aliases-USGS Station Number', 'value': '03280800'}, {'name': 'Agency Aliases-NIDID', 'value': 'KY03027-Lake'}]","Buckhorn, KY",US/Eastern,37.3402778,-83.4691667,NAD27,757.0,NGVD29,KY,Perry,LRL,Buckhorn Lake,,,,,,
LRL,TaylorsvilleOH,SITE,m,United States,True,"[{'name': 'Agency Aliases-USGS Station Number', 'value': '03263000'}]",,America/New_York,,,,,,,,,,,,,,,
LRL,DUNK2S,SITE,ft,United States,True,[],,,,,,,,,,,,,,,,,
LRL,BKVI3,SITE,ft,United States,True,[],,,,,,,,,,,,,,,,,
LRL,Cincinnati-CCNO1,SITE,ft,United States,True,"[{'name': 'Agency Aliases-USGS Station Number', 'value': '03255000-CCNO1'}]","Covington, KY",US/Eastern,39.0945044,-84.5104983,NAD27,428.87999999999994,NGVD29,OH,Hamilton,LRL,Ohio River at Cincinnati,,,,,,
LRL,Olmsted-HW,SITE,m,United States,True,"[{'name': 'Agency Aliases-USGS Station Number', 'value': '03612600-HW'}]",Presque Isle,Unknown or Not Applicable,0.0,0.0,,0.0,,00,Unknown County or County N/A for Unknown State or State N/A,,,Olmsted Headwater,,,-3.4028234663852886e+38,-3.4028234663852886e+38,
LRL,Boston,SITE,ft,,True,"[{'name': 'Agency Aliases-DCP Platform ID', 'value': 'CE693326'}, {'name': 'Agency Aliases-USGS Station Number', 'value': '03301500'}]",,US/Eastern,37.767286111111,-85.70385,,400.41999999999996,NGVD29,KY,Nelson,,,"ROLLING FORK NEAR BOSTON, KY","ROLLING FORK NEAR BOSTON, KY",,,,
LRL,ALVK2,SITE,m,United States,True,[],,,,,,,,,,,,,,,,,
LRL,Taylorsville-Outlet01,OUTLET,m,United States,True,"[{'name': 'Agency Aliases-NIDID', 'value': 'KY00051-Outlet01'}, {'name': 'Agency Aliases-USGS Station Number', 'value': '03295890-Outlet01'}]","Taylorsville, KY",US/Eastern,38.005360231786,-85.307965492868,NAD27,142.29588,NGVD29,KY,Spencer,LRL,Taylorsville Lake,Taylorsville Outlet,,,,,
LRL,Taylorsville-BRCK2,SITE,m,United States,True,"[{'name': 'Agency Aliases-NIDID', 'value': 'KY00051-BRCK2'}, {'name': 'Agency Aliases-USGS Station Number', 'value': '03295890-BRCK2'}]","Taylorsville, KY",US/Eastern,38.003568,-85.3065171,NAD27,142.29588,NGVD29,KY,Spencer,LRL,Taylorsville Lake,,,,,,
LRL,Green-Lake,SITE,m,United States,True,"[{'name': 'Agency Aliases-USGS Station Number', 'value': '03305990'}, {'name': 'Agency Aliases-NIDID', 'value': 'KY03007-Lake'}]","Cane Valley, KY",US/Eastern,37.2461111,-85.3391667,NAD27,203.6064,NGVD29,KY,Taylor,LRL,Green River Lake,,,,,,
LRL,Greensburg,SITE,ft,United States,True,"[{'name': 'Agency Aliases-USGS Station Number', 'value': '03306500'}]","Greensburg, KY",US/Central,37.2536713,-85.5030215,NAD83,531.81,NGVD29,KY,Green,LRL,,"GREEN RIVER AT GREENSBURG, KY","GREEN RIVER AT GREENSBURG, KY",,,,
LRL,Cairo,SITE,ft,United States,True,"[{'name': 'Agency Aliases-USGS Station Number', 'value': '370000089094501'}]",,,,,,,,,,,,,,,,,
LRL,BowlingGreenKY-BWGK2L,SITE,ft,United States,True,"[{'name': 'Agency Aliases-DCP Platform ID', 'value': 'CE774640-BWGK2L'}, {'name': 'Agency Aliases-USGS Station Number', 'value': '03314500-BWGK2L'}]",,US/Central,37.002819444444,-86.432766666667,,409.83,NGVD29,KY,Warren,,,,,,,,
LRL,Franklin-ALVK2S,SITE,m,United States,True,"[{'name': 'Agency Aliases-USGS Station Number', 'value': '03313700-ALVK2S'}]","Franklin, KY",US/Central,36.7233738,-86.5522175,NAD83,174.799752,NGVD29,KY,Simpson,LRL,,,,,,,
LRL,Newburgh,SITE,m,United States,True,"[{'name': 'Agency Aliases-USGS Station Number', 'value': '03304300'}]","Newburgh, IN",US/Central,37.934301333332,-87.379384665112,NAD83,100.434648,NGVD29,IN,Warrick,LRL,Newburgh Locks and Dam TW,OHIO RIVER AT NEWBURGH LOCK AND ,"OHIO RIVER AT NEWBURGH LOCK AND DAM, IN",Stream Gauge,,,
LRL,Alvaton-ALVK2L,SITE,ft,United States,True,"[{'name': 'Agency Aliases-USGS Station Number', 'value': '03314000-ALVK2L'}, {'name': 'Agency Aliases-DCP Platform ID', 'value': 'CE6D10F0-ALVK2L'}]",,US/Central,36.895319444444,-86.380547222222,,443.0699999999999,NGVD29,KY,Warren,,,,,,,,
LRL,Taylorsville-Tailwater,SITE,m,United States,True,"[{'name': 'Agency Aliases-USGS Station Number', 'value': '03295890-Tailwater'}, {'name': 'Agency Aliases-NIDID', 'value': 'KY00051-Tailwater'}]","Taylorsville, KY",US/Eastern,38.003568,-85.3065171,NAD27,142.29588,NGVD29,KY,Spencer,LRL,Taylorsville Lake,,,,,,
LRL,Barkley-BARK2,SITE,ft,United States,True,[],,,,,,,,,,,,,,,,,
LRL,GRLK2,SITE,ft,United States,True,[],,,,,,,,,,,,,,,,,
LRL,Buckhorn,PROJECT,m,United States,True,"[{'name': 'Agency Aliases-NIDID', 'value': 'KY03027'}]","Buckhorn, KY",US/Eastern,37.3402778,-83.4691667,NAD27,230.73360000000002,NGVD29,KY,Perry,LRL,Buckhorn Lake,Buckhorn Lake,Buckhorn Lake,Corps Reservoir,,,
LRL,Kentucky-KYDK2,SITE,m,United States,True,[],,,,,,,,,,,,,,,,,
LRL,Taylorsville-ServiceGate01,SITE,m,United States,True,"[{'name': 'Agency Aliases-NIDID', 'value': 'KY00051-ServiceGate01'}, {'name': 'Agency Aliases-USGS Station Number', 'value': '03295890-ServiceGate01'}]","Taylorsville, KY",US/Eastern,38.003568,-85.3065171,NAD27,142.29588,NGVD29,KY,Spencer,LRL,Taylorsville Lake,,,,,,
LRL,Taylorsville-ServiceGate02,SITE,m,United States,True,"[{'name': 'Agency Aliases-USGS Station Number', 'value': '03295890-ServiceGate02'}, {'name': 'Agency Aliases-NIDID', 'value': 'KY00051-ServiceGate02'}]","Taylorsville, KY",US/Eastern,38.003568,-85.3065171,NAD27,142.29588,NGVD29,KY,Spencer,LRL,Taylorsville Lake,,,,,,
LRL,Taylorsville-Bypass01,SITE,m,United States,True,"[{'name': 'Agency Aliases-USGS Station Number', 'value': '03295890-Bypass01'}, {'name': 'Agency Aliases-NIDID', 'value': 'KY00051-Bypass01'}]","Taylorsville, KY",US/Eastern,38.003568,-85.3065171,NAD27,142.29588,NGVD29,KY,Spencer,LRL,Taylorsville Lake,,,,,,
LRL,Cairo-CIRI2,SITE,ft,United States,True,"[{'name': 'Agency Aliases-USGS Station Number', 'value': '370000089094501-CIRI2'}]",,,,,,,,,,,,,,,,,
LRL,Olmsted,SITE,m,United States,True,"[{'name': 'Agency Aliases-USGS Station Number', 'value': '03612600'}]",Presque Isle,America/Chicago,0.0,0.0,,0.0,,,,,,,,,0.0,0.0,
LRL,Taylorsville,PROJECT,m,United States,True,"[{'name': 'Agency Aliases-USGS Station Number', 'value': '03295890'}, {'name': 'Agency Aliases-NIDID', 'value': 'KY00051'}]","Taylorsville, KY",US/Eastern,38.003568,-85.3065171,NAD27,142.29588,NGVD29,KY,Spencer,LRL,Taylorsville Lake,Taylorsville Lake,Taylorsville Lake,Corps Reservoir,,,
LRL,Dundee-DUNK2L,SITE,ft,United States,True,"[{'name': 'Agency Aliases-USGS Station Number', 'value': '03319000-DUNK2L'}]","Narrows, KY",US/Central,37.5475514,-86.7216546,NAD83,393.18,NGVD29,KY,Ohio,LRL,,,,,,,
LRL,HorseBranch-DUNK2S,SITE,m,United States,True,"[{'name': 'Agency Aliases-USGS Station Number', 'value': '03318800-DUNK2S'}]",,,,,,,,,,,,,,,,,
LRL,BowlingGreenKY,SITE,ft,,True,"[{'name': 'Agency Aliases-DCP Platform ID', 'value': 'CE774640'}, {'name': 'Agency Aliases-USGS Station Number', 'value': '03314500'}]",,US/Central,37.002819444444,-86.432766666667,,409.83,NGVD29,KY,Warren,,,"BARREN RIVER AT BOWLING GREEN, K","BARREN RIVER AT BOWLING GREEN, KY",,,,
LRL,DUNK2,SITE,ft,United States,True,[],,,,,,,,,,,,,,,,,
LRL,Olmsted-TW,SITE,ft,United States,True,"[{'name': 'Agency Aliases-USGS Station Number', 'value': '03612600-TW'}]",Presque Isle,Unknown or Not Applicable,0.0,0.0,,0.0,,00,Unknown County or County N/A for Unknown State or State N/A,,,Olmsted Tailwater,,,-3.4028234663852886e+38,-3.4028234663852886e+38,
LRL,ALVK2S,SITE,m,United States,True,[],,,,,,,,,,,,,,,,,
LRL,Taylorsville-BRCK2L,SITE,m,United States,True,"[{'name': 'Agency Aliases-USGS Station Number', 'value': '03295890-BRCK2L'}, {'name': 'Agency Aliases-NIDID', 'value': 'KY00051-BRCK2L'}]","Taylorsville, KY",US/Eastern,38.003568,-85.3065171,NAD27,142.29588,NGVD29,KY,Spencer,LRL,Taylorsville Lake,,,,,,
LRL,OlmstedUpr,SITE,m,United States,True,[],"Olmsted, IL",US/Central,37.183424262929,-89.063253433899,NAD83,84.86851200000001,NGVD29,KY,Ballard,LRL,Olmsted Dam Upper Gage,OHIO RIVER AT OLMSTED,OHIO RIVER AT OLMSTED,Stream Gauge,,,
LRL,Taylorsville-TAYO1,SITE,ft,United States,True,"[{'name': 'Agency Aliases-USGS Station Number', 'value': '03295890-TAYO1'}, {'name': 'Agency Aliases-NIDID', 'value': 'KY00051-TAYO1'}]","Vandalia, OH",US/Eastern,39.8728351,-84.164107,NAD83,760.11,NGVD29,OH,Montgomery,LRL,Taylorsville Dam,Great Miami River at Taylorsvill,Great Miami River at Taylorsville OH,Stream Gauge,,,
LRL,BowlingGreenIN,SITE,m,,True,"[{'name': 'Agency Aliases-USGS Station Number', 'value': '03360000'}, {'name': 'Agency Aliases-DCP Platform ID', 'value': 'CE77835E'}]",,US/Eastern,39.382819444444,-87.020566666667,,167.036496,NGVD29,IN,Clay,,,"EEL RIVER AT BOWLING GREEN, IN","EEL RIVER AT BOWLING GREEN, IN",Stream Gauge,,,
LRL,Newburghwq,SITE,ft,United States,True,[],,,,,,,,,,,,,,,,,
LRL,GreenMouth,SITE,ft,United States,True,[],,,,,,,,,,,,,,,,,
LRL,Kentucky,SITE,m,United States,True,[],,,,,,,,,,,,,,,,,
LRL,Cincinnati,SITE,ft,United States,True,"[{'name': 'Agency Aliases-USGS Station Number', 'value': '03255000'}]","Covington, KY",US/Eastern,39.0945044,-84.5104983,NAD27,428.87999999999994,NGVD29,OH,Hamilton,LRL,Ohio River at Cincinnati,"OHIO RIVER AT CINCINNATI, OH","OHIO RIVER AT CINCINNATI, OH",Stream Gauge,,,
LRL,Newburgh-NBGI3,SITE,m,United States,True,"[{'name': 'Agency Aliases-USGS Station Number', 'value': '03304300-NBGI3'}]","Newburgh, IN",Unknown or Not Applicable,37.934301333332,-87.379384665112,NAD83,100.434648,NGVD29,00,Unknown County or County N/A for Unknown State or State N/A,LRL,Newburgh Locks and Dam TW,,,,,,
LRL,Olmsted-OLMI2,SITE,m,United States,True,"[{'name': 'Agency Aliases-USGS Station Number', 'value': '03612600-OLMI2'}]",Presque Isle,America/Chicago,0.0,0.0,,0.0,,,,,,,,,0.0,0.0,
LRL,Greensburg-GNSK2L,SITE,ft,United States,True,"[{'name': 'Agency Aliases-USGS Station Number', 'value': '03306500-GNSK2L'}]","Greensburg, KY",US/Central,37.2536713,-85.5030215,NAD83,531.81,NGVD29,KY,Green,LRL,,,,,,,
LRL,Barkley,SITE,ft,United States,True,[],,,,,,,,,,,,,,,,,
