office,name,nearest-city,public-name,kind,time-zone,latitude,longitude,unit,nation,state,county,bounding-office,active,aliases,long-name,map-label,type,published-latitude,published-longitude,horizontal-datum,elevation,vertical-datum,description
MVP,LockDam_05-TainterGate23,Winona,Lock and Dam 05 Tainter Gate 23,OUTLET,US/Central,44.1616,-91.8116,ft,United States,WI,Buffalo,MVP,True,"[{'name': 'Agency Aliases-NIDID', 'value': 'MN00589-TainterGate23'}, {'name': 'Agency Aliases-NWS Handbook 5 ID', 'value': 'MSCM5-TainterGate23'}, {'name': 'Agency Aliases-CWMS Standard Naming', 'value': 'LockDam_05-TainterGate23'}, {'name': 'Agency Aliases-CWMS Legacy Naming', 'value': 'LockDam_05-TainterGate23'}]",Mississippi River Lock and Dam 05 Tainter Gate 23,Mississippi River Lock and Dam 05 Gate,Gate,0.0,0.0,NAD83,599.9999999999999,NAVD88,
MVP,TraverseWR_Dam-MainLake,Fergus Falls,"Mud Lake North of 670TH Street Near Wheaton, MN",SITE,US/Central,45.836055555556,-96.572944444444,ft,United States,MN,Traverse,MVP,True,"[{'name': 'Agency Aliases-CWMS Standard Naming', 'value': 'TraverseWR_Dam-MainLake'}, {'name': 'Agency Aliases-NWS Handbook 5 ID', 'value': 'WHRM5-MainLake'}, {'name': 'Agency Aliases-NIDID', 'value': 'MN00577-MainLake'}, {'name': 'Agency Aliases-USGS Station Number', 'value': '05049900'}, {'name': 'Agency Aliases-CWMS Legacy Naming', 'value': 'TraverseWR_Dam-MainLake'}, {'name': 'Agency Aliases-USGS Station Number', 'value': '05049995-MainLake'}]",White Rock Dam Main Lake Gage,White Rock Dam Main Lake Gage,,0.0,0.0,NAD83,899.9999999999999,LOCAL,"MUD LAKE NORTH OF 670TH STREET NEAR WHEATON, MN"
MVP,Highway75_Dam,Odessa,Highway 75 Dam,PROJECT,US/Central,45.248301,-96.29788,ft,United States,MN,Big Stone,MVP,True,"[{'name': 'RFC CHPS Aliases-Locations', 'value': 'ODAM5_CHPS'}, {'name': 'Agency Aliases-CWMS Standard Naming', 'value': 'Highway75_Dam'}, {'name': 'Agency Aliases-NIDID', 'value': 'MN00581'}, {'name': 'Agency Aliases-CWMS Legacy Naming', 'value': 'Highway75_Dam'}]",Highway 75 Dam at Big Stone Lake and Whetstone River Project,Highway 75 Dam,Dam,0.0,0.0,NAD83,0.0,NGVD29,USACE Owned and Maintained
MVP,Baldhill_Dam-ServiceSpillway,Jamestown,Baldhill Dam Service Spillway,SITE,US/Central,47.0356524,-98.0813989,ft,United States,ND,Barnes,MVP,True,"[{'name': 'Agency Aliases-CWMS Legacy Naming', 'value': 'Baldhill_Dam-ServiceSpillway'}, {'name': 'Agency Aliases-NIDID', 'value': 'ND00309-ServiceSpillway'}, {'name': 'Agency Aliases-NWS Handbook 5 ID', 'value': 'BLDN8-ServiceSpillway'}, {'name': 'Agency Aliases-CWMS Standard Naming', 'value': 'Baldhill_Dam-ServiceSpillway'}, {'name': 'Agency Aliases-USGS Station Number', 'value': '05057500-ServiceSpillway'}]",,Baldhill Dam Service Spillway,,,,NAD83,0.0,NGVD29,
MVP,MissHW_Gull-SlideGate01,Brainerd,Gull Slide Gate 01,OUTLET,US/Central,46.4116,-94.3533,ft,United States,MN,Cass,MVP,True,"[{'name': 'Agency Aliases-NIDID', 'value': 'MN00596-SlideGate01'}, {'name': 'Agency Aliases-NWS Handbook 5 ID', 'value': 'GLLM5-SlideGate01'}, {'name': 'Agency Aliases-CWMS Standard Naming', 'value': 'MissHW_Gull-SlideGate01'}, {'name': 'Agency Aliases-CWMS Legacy Naming', 'value': 'MissHW_Gull-SlideGate01'}]",,Gull Lake Dam,,,,NAD83,1099.9999999999998,NGVD29,
MVP,LockDam_05-TainterGate25,Winona,Lock and Dam 05 Tainter Gate 25,OUTLET,US/Central,44.1616,-91.8116,ft,United States,WI,Buffalo,MVP,True,"[{'name': 'Agency Aliases-NWS Handbook 5 ID', 'value': 'MSCM5-TainterGate25'}, {'name': 'Agency Aliases-NIDID', 'value': 'MN00589-TainterGate25'}, {'name': 'Agency Aliases-CWMS Legacy Naming', 'value': 'LockDam_05-TainterGate25'}, {'name': 'Agency Aliases-CWMS Standard Naming', 'value': 'LockDam_05-TainterGate25'}]",Mississippi River Lock and Dam 05 Tainter Gate 25,Mississippi River Lock and Dam 05 Gate,Gate,0.0,0.0,NAD83,599.9999999999999,NAVD88,
MVP,LockDam_05a-Tailwater,Winona,Lock and Dam 05a Tailwater,SITE,US/Central,44.085038,-91.667549,ft,United States,WI,Buffalo,MVP,True,"[{'name': 'Agency Aliases-CWMS Standard Naming', 'value': 'LockDam_05a-Tailwater'}, {'name': 'Agency Aliases-NIDID', 'value': 'MN00588-Tailwater'}, {'name': 'Agency Aliases-CWMS Legacy Naming', 'value': 'LockDam_05a-Tailwater'}, {'name': 'Agency Aliases-USGS Station Number', 'value': '05378490'}, {'name': 'Agency Aliases-NWS Handbook 5 ID', 'value': 'WIDM5-Tailwater'}]",Mississippi River Lock and Dam 05a Tailwater,Mississippi River Lock and Dam 05a Tailwater,,0.0,0.0,NAD83,0.0,NAVD88,
MVP,LockDam_05-TainterGate27,Winona,Lock and Dam 05 Tainter Gate 27,OUTLET,US/Central,44.1616,-91.8116,ft,United States,WI,Buffalo,MVP,True,"[{'name': 'Agency Aliases-CWMS Legacy Naming', 'value': 'LockDam_05-TainterGate27'}, {'name': 'Agency Aliases-NIDID', 'value': 'MN00589-TainterGate27'}, {'name': 'Agency Aliases-CWMS Standard Naming', 'value': 'LockDam_05-TainterGate27'}, {'name': 'Agency Aliases-NWS Handbook 5 ID', 'value': 'MSCM5-TainterGate27'}]",Mississippi River Lock and Dam 05 Tainter Gate 27,Mississippi River Lock and Dam 05 Gate,Gate,0.0,0.0,NAD83,599.9999999999999,NAVD88,
MVP,LockDam_05a-CP_LD05TW,Winona,Lock Dam 05a Ctrl Point,SITE,US/Central,44.0883,-91.6699,ft,United States,WI,Buffalo,MVP,True,"[{'name': 'Agency Aliases-NIDID', 'value': 'MN00588-CP_LD05TW'}, {'name': 'Agency Aliases-CWMS Standard Naming', 'value': 'LockDam_05a-CP_LD05TW'}, {'name': 'Agency Aliases-CWMS Legacy Naming', 'value': 'LockDam_05a-CP_LD05TW'}, {'name': 'Agency Aliases-NWS Handbook 5 ID', 'value': 'WIDM5-CP_LD05TW'}]",,Mississippi River Lock and Dam 05a,,0.0,0.0,NAD83,599.9999999999999,NAVD88,
MVP,ZUMM5,Rochester,Zumbro River at Zumbro Falls,SITE,US/Central,44.2867,-92.4322,m,United States,MN,Wabasha,MVP,True,"[{'name': 'Agency Aliases-USGS Station Number', 'value': '05374000'}, {'name': 'Agency Aliases-NWS Handbook 5 ID', 'value': 'ZUMM5'}, {'name': 'Agency Aliases-CWMS Legacy Naming', 'value': 'ZUMM5'}, {'name': 'Agency Aliases-CWMS Standard Naming', 'value': 'ZUMM5'}]","Zumbro River at Zumbro Falls, MN",,DCP Gage,,,,247.272048,LOCAL,
MVP,MissHW_PineRiver-SlideGate04,Brainerd,Pine River Dam Slide Gate 04,OUTLET,US/Central,46.6683,-94.1116,m,United States,MN,Crow Wing,MVP,True,"[{'name': 'Agency Aliases-CWMS Standard Naming', 'value': 'MissHW_PineRiver-SlideGate04'}, {'name': 'Agency Aliases-NIDID', 'value': 'MN00582-SlideGate04'}, {'name': 'Agency Aliases-CWMS Legacy Naming', 'value': 'MissHW_PineRiver-SlideGate04'}, {'name': 'Agency Aliases-NWS Handbook 5 ID', 'value': 'CRLM5-SlideGate04'}]",,Pine River Dam at Cross Lake,,,,NAD83,365.76,NGVD29,
MVP,TraverseWR_Dam-TainterGate01,Fergus Falls,White Rock Dam Tainter Gate 01,OUTLET,US/Central,45.8616,-96.5716,m,United States,MN,Traverse,MVP,True,"[{'name': 'Agency Aliases-CWMS Legacy Naming', 'value': 'TraverseWR_Dam-TainterGate01'}, {'name': 'Agency Aliases-NWS Handbook 5 ID', 'value': 'WHRM5-TainterGate01'}, {'name': 'Agency Aliases-NIDID', 'value': 'MN00577-TainterGate01'}, {'name': 'Agency Aliases-CWMS Standard Naming', 'value': 'TraverseWR_Dam-TainterGate01'}, {'name': 'Agency Aliases-USGS Station Number', 'value': '05049995-TainterGate01'}]",,White Rock Dam Tainter Gate,,,,NAD83,274.32,LOCAL,
MVP,Highway75_Dam-LowFlow,Watertown,Highway 75 Dam Low Flow,OUTLET,US/Central,45.248536111111,-96.297127777778,ft,United States,MN,Big Stone,MVP,True,"[{'name': 'Agency Aliases-CWMS Standard Naming', 'value': 'Highway75_Dam-LowFlow'}, {'name': 'Agency Aliases-NIDID', 'value': 'MN00581-LowFlow'}, {'name': 'Agency Aliases-CWMS Legacy Naming', 'value': 'Highway75_Dam-LowFlow'}, {'name': 'RFC CHPS Aliases-Locations', 'value': 'ODAM5_CHPS-LowFlow'}, {'name': 'Agency Aliases-NWS Handbook 5 ID', 'value': 'ODAM5'}]",,Highway 75 Dam,,0.0,0.0,NAD83,0.0,NGVD29,
MVP,LFKM5S,Hibbing,Little Fork Snow,SITE,US/Central,48.39861,-93.56722,ft,United States,MN,Koochiching,MVP,True,"[{'name': 'Agency Aliases-CWMS Legacy Naming', 'value': 'LFKM5S'}, {'name': 'Agency Aliases-CWMS Standard Naming', 'value': 'LFKM5S'}]",Little Fork Snow,Little Fork Snow,,,,,,,
MVP,LockDam_05-TainterGates,Winona,Lock and Dam 05 Tainter Gates,SITE,US/Central,44.1616,-91.8116,ft,United States,WI,Buffalo,MVP,True,"[{'name': 'Agency Aliases-NWS Handbook 5 ID', 'value': 'MSCM5-TainterGates'}, {'name': 'Agency Aliases-NIDID', 'value': 'MN00589-TainterGates'}, {'name': 'Agency Aliases-CWMS Standard Naming', 'value': 'LockDam_05-TainterGates'}, {'name': 'Agency Aliases-CWMS Legacy Naming', 'value': 'LockDam_05-TainterGates'}]",Mississippi River Lock and Dam 05 Tainter Gates,Mississippi River Lock and Dam 05 Tainter Gates,Gate,0.0,0.0,NAD83,599.9999999999999,NAVD88,
MVP,LockDam_05a-RollerGate01,Winona,Lock and Dam 05a Roller Gate 01,OUTLET,US/Central,44.0883,-91.6699,m,United States,WI,Buffalo,MVP,True,"[{'name': 'Agency Aliases-NWS Handbook 5 ID', 'value': 'WIDM5-RollerGate01'}, {'name': 'Agency Aliases-CWMS Standard Naming', 'value': 'LockDam_05a-RollerGate01'}, {'name': 'Agency Aliases-NIDID', 'value': 'MN00588-RollerGate01'}, {'name': 'Agency Aliases-CWMS Legacy Naming', 'value': 'LockDam_05a-RollerGate01'}]",Mississippi River Lock and Dam 05a Roller Gate 01,Mississippi River Lock and Dam 05a Gate,Gate,0.0,0.0,NAD83,182.88,NAVD88,
MVP,MissHW_PineRiver-SlideGate02,Brainerd,Pine River Dam Slide Gate 02,OUTLET,US/Central,46.6683,-94.1116,ft,United States,MN,Crow Wing,MVP,True,"[{'name': 'Agency Aliases-CWMS Legacy Naming', 'value': 'MissHW_PineRiver-SlideGate02'}, {'name': 'Agency Aliases-CWMS Standard Naming', 'value': 'MissHW_PineRiver-SlideGate02'}, {'name': 'Agency Aliases-NIDID', 'value': 'MN00582-SlideGate02'}, {'name': 'Agency Aliases-NWS Handbook 5 ID', 'value': 'CRLM5-SlideGate02'}]",,Pine River Dam at Cross Lake,,,,NAD83,1199.9999999999998,NGVD29,
MVP,TraverseWR_Dam-TainterGate03,Fergus Falls,White Rock Dam Tainter Gate 03,OUTLET,US/Central,45.8616,-96.5716,ft,United States,MN,Traverse,MVP,True,"[{'name': 'Agency Aliases-CWMS Legacy Naming', 'value': 'TraverseWR_Dam-TainterGate03'}, {'name': 'Agency Aliases-NWS Handbook 5 ID', 'value': 'WHRM5-TainterGate03'}, {'name': 'Agency Aliases-USGS Station Number', 'value': '05049995-TainterGate03'}, {'name': 'Agency Aliases-NIDID', 'value': 'MN00577-TainterGate03'}, {'name': 'Agency Aliases-CWMS Standard Naming', 'value': 'TraverseWR_Dam-TainterGate03'}]",,White Rock Dam Tainter Gate,,,,NAD83,899.9999999999999,LOCAL,
MVP,LockDam_02-HydroTurbines,Hastings,Lock and Dam 02 Hydro Turbines,OUTLET,US/Central,44.7599,-92.8683,m,United States,MN,Dakota,MVP,True,"[{'name': 'Agency Aliases-CWMS Legacy Naming', 'value': 'LockDam_02-HydroTurbines'}, {'name': 'Agency Aliases-NWS Handbook 5 ID', 'value': 'HSTM5-HydroTurbines'}, {'name': 'Agency Aliases-NIDID', 'value': 'MN00594-HydroTurbines'}, {'name': 'Agency Aliases-CWMS Standard Naming', 'value': 'LockDam_02-HydroTurbines'}]",,Mississippi River Lock and Dam 02,,0.0,0.0,NAD83,182.88,NAVD88,
MVP,MissHW_PineRiver,Crosslake,Pine River Dam at Cross Lake,PROJECT,US/Central,46.6683,-94.1116,ft,United States,MN,Crow Wing,MVP,True,"[{'name': 'Agency Aliases-NWS Handbook 5 ID', 'value': 'CRLM5'}, {'name': 'Agency Aliases-CWMS Legacy Naming', 'value': 'MissHW_PineRiver'}, {'name': 'Agency Aliases-NIDID', 'value': 'MN00582'}, {'name': 'Agency Aliases-CWMS Standard Naming', 'value': 'MissHW_PineRiver'}]",Mississippi River Headwaters Pine River Dam at Cross Lake,Pine River Dam at Cross Lake,Dam,,,NAD83,1199.9999999999998,NGVD29,USACE Owned and Maintained
MVP,LockDam_02-TainterValves,Hastings,Lock and Dam 02  Tainter Valves,SITE,US/Central,44.7599,-92.8683,m,United States,MN,Dakota,MVP,True,"[{'name': 'Agency Aliases-NWS Handbook 5 ID', 'value': 'HSTM5-TainterValves'}, {'name': 'Agency Aliases-CWMS Legacy Naming', 'value': 'LockDam_02-TainterValves'}, {'name': 'Agency Aliases-NIDID', 'value': 'MN00594-TainterValves'}, {'name': 'Agency Aliases-CWMS Standard Naming', 'value': 'LockDam_02-TainterValves'}]",,Mississippi River Lock and Dam 02,,0.0,0.0,NAD83,182.88,NAVD88,
MVP,LockDam_05-TainterGate13,Winona,Lock and Dam 05 Tainter Gate 13,OUTLET,US/Central,44.1616,-91.8116,ft,United States,WI,Buffalo,MVP,True,"[{'name': 'Agency Aliases-NWS Handbook 5 ID', 'value': 'MSCM5-TainterGate13'}, {'name': 'Agency Aliases-NIDID', 'value': 'MN00589-TainterGate13'}, {'name': 'Agency Aliases-CWMS Legacy Naming', 'value': 'LockDam_05-TainterGate13'}, {'name': 'Agency Aliases-CWMS Standard Naming', 'value': 'LockDam_05-TainterGate13'}]",Mississippi River Lock and Dam 05 Tainter Gate 13,Mississippi River Lock and Dam 05 Gate,Gate,0.0,0.0,NAD83,599.9999999999999,NAVD88,
MVP,MissHW_Gull-Lake,Brainerd,Gull Lake near Brainerd,SITE,US/Central,46.410931,-94.359777,m,United States,MN,Cass,MVP,True,"[{'name': 'Agency Aliases-CWMS Standard Naming', 'value': 'MissHW_Gull-Lake'}, {'name': 'Agency Aliases-NWS Handbook 5 ID', 'value': 'GLLM5-Lake'}, {'name': 'Agency Aliases-NWS Handbook 5 ID', 'value': 'GLKM5'}, {'name': 'Agency Aliases-NIDID', 'value': 'MN00596-Lake'}, {'name': 'Agency Aliases-CWMS Legacy Naming', 'value': 'MissHW_Gull-Lake'}]",,Gull Lake Dam,,,,NAD83,0.0,NGVD29,
MVP,MissHW_Gull-Tailwater,Brainerd,Gull Lake Dam Tailwater,SITE,US/Central,46.410869,-94.353622,ft,United States,MN,Cass,MVP,True,"[{'name': 'Agency Aliases-NIDID', 'value': 'MN00596-Tailwater'}, {'name': 'Agency Aliases-CWMS Standard Naming', 'value': 'MissHW_Gull-Tailwater'}, {'name': 'Agency Aliases-CWMS Legacy Naming', 'value': 'MissHW_Gull-Tailwater'}, {'name': 'Agency Aliases-NWS Handbook 5 ID', 'value': 'GLLM5-Tailwater'}]",,Gull Lake Dam,,,,NAD83,0.0,NGVD29,
MVP,LockDam_05-TainterGate15,Winona,Lock and Dam 05 Tainter Gate 15,OUTLET,US/Central,44.1616,-91.8116,m,United States,WI,Buffalo,MVP,True,"[{'name': 'Agency Aliases-CWMS Legacy Naming', 'value': 'LockDam_05-TainterGate15'}, {'name': 'Agency Aliases-NIDID', 'value': 'MN00589-TainterGate15'}, {'name': 'Agency Aliases-CWMS Standard Naming', 'value': 'LockDam_05-TainterGate15'}, {'name': 'Agency Aliases-NWS Handbook 5 ID', 'value': 'MSCM5-TainterGate15'}]",Mississippi River Lock and Dam 05 Tainter Gate 15,Mississippi River Lock and Dam 05 Gate,Gate,0.0,0.0,NAD83,182.88,NAVD88,
MVP,MissHW_Gull-SlideGate03,Brainerd,Gull Slide Gate 03,OUTLET,US/Central,46.4116,-94.3533,ft,United States,MN,Cass,MVP,True,"[{'name': 'Agency Aliases-NWS Handbook 5 ID', 'value': 'GLLM5-SlideGate03'}, {'name': 'Agency Aliases-CWMS Standard Naming', 'value': 'MissHW_Gull-SlideGate03'}, {'name': 'Agency Aliases-CWMS Legacy Naming', 'value': 'MissHW_Gull-SlideGate03'}, {'name': 'Agency Aliases-NIDID', 'value': 'MN00596-SlideGate03'}]",,Gull Lake Dam,,,,NAD83,1099.9999999999998,NGVD29,
MVP,LockDam_05-TainterGate17,Winona,Lock and Dam 05 Tainter Gate 17,OUTLET,US/Central,44.1616,-91.8116,ft,United States,WI,Buffalo,MVP,True,"[{'name': 'Agency Aliases-CWMS Legacy Naming', 'value': 'LockDam_05-TainterGate17'}, {'name': 'Agency Aliases-NIDID', 'value': 'MN00589-TainterGate17'}, {'name': 'Agency Aliases-CWMS Standard Naming', 'value': 'LockDam_05-TainterGate17'}, {'name': 'Agency Aliases-NWS Handbook 5 ID', 'value': 'MSCM5-TainterGate17'}]",Mississippi River Lock and Dam 05 Tainter Gate 17,Mississippi River Lock and Dam 05 Gate,Gate,0.0,0.0,NAD83,599.9999999999999,NAVD88,
MVP,Highway75_Dam-LowFlow-Tailwater,Watertown,Highway 75 Dam Low Flow Tailwater,SITE,US/Central,45.2483,-96.2916,ft,United States,MN,Big Stone,MVP,True,"[{'name': 'Agency Aliases-CWMS Standard Naming', 'value': 'Highway75_Dam-LowFlow-Tailwater'}, {'name': 'Agency Aliases-NIDID', 'value': 'MN00581-LowFlow-Tailwater'}, {'name': 'RFC CHPS Aliases-Locations', 'value': 'ODAM5_CHPS-LowFlow-Tailwater'}, {'name': 'Agency Aliases-CWMS Legacy Naming', 'value': 'Highway75_Dam-LowFlow-Tailwater'}]",,Highway 75 Dam,,0.0,0.0,NAD83,0.0,NGVD29,
MVP,LockDam_05-TainterGate19,Winona,Lock and Dam 05 Tainter Gate 19,OUTLET,US/Central,44.1616,-91.8116,m,United States,WI,Buffalo,MVP,True,"[{'name': 'Agency Aliases-NIDID', 'value': 'MN00589-TainterGate19'}, {'name': 'Agency Aliases-NWS Handbook 5 ID', 'value': 'MSCM5-TainterGate19'}, {'name': 'Agency Aliases-CWMS Legacy Naming', 'value': 'LockDam_05-TainterGate19'}, {'name': 'Agency Aliases-CWMS Standard Naming', 'value': 'LockDam_05-TainterGate19'}]",Mississippi River Lock and Dam 05 Tainter Gate 19,Mississippi River Lock and Dam 05 Gate,Gate,0.0,0.0,NAD83,182.88,NAVD88,
MVP,DAWM5,Marshall,W Br Lac Qui Parle nr Dawson,SITE,US/Central,44.9297,-96.0514,ft,United States,MN,Lac Qui Parle,MVP,True,"[{'name': 'Agency Aliases-MNDNR', 'value': '24059001'}, {'name': 'Agency Aliases-CWMS Legacy Naming', 'value': 'DAWM5'}, {'name': 'Agency Aliases-CWMS Standard Naming', 'value': 'DAWM5'}, {'name': 'Agency Aliases-NWS Handbook 5 ID', 'value': 'DAWM5'}]","West Branch Lac Qui Parle River near Dawson, MN",,DCP Gage,,,,,,Owner is MNDNR
MVP,Highway75_Dam-Tailwater,Watertown,Highway 75 Dam Tailwater,SITE,US/Central,45.2483,-96.2916,ft,United States,MN,Big Stone,MVP,True,"[{'name': 'Agency Aliases-NIDID', 'value': 'MN00581-Tailwater'}, {'name': 'Agency Aliases-CWMS Standard Naming', 'value': 'Highway75_Dam-Tailwater'}, {'name': 'RFC CHPS Aliases-Locations', 'value': 'ODAM5_CHPS-Tailwater'}, {'name': 'Agency Aliases-CWMS Legacy Naming', 'value': 'Highway75_Dam-Tailwater'}]",,Highway 75 Dam,,0.0,0.0,NAD83,0.0,NGVD29,
MVP,MissHW_Gull-SlideGate05,Brainerd,Gull Slide Gate 05,OUTLET,US/Central,46.4116,-94.3533,m,United States,MN,Cass,MVP,True,"[{'name': 'Agency Aliases-CWMS Legacy Naming', 'value': 'MissHW_Gull-SlideGate05'}, {'name': 'Agency Aliases-NWS Handbook 5 ID', 'value': 'GLLM5-SlideGate05'}, {'name': 'Agency Aliases-CWMS Standard Naming', 'value': 'MissHW_Gull-SlideGate05'}, {'name': 'Agency Aliases-NIDID', 'value': 'MN00596-SlideGate05'}]",,Gull Lake Dam,,,,NAD83,335.28,NGVD29,
MVP,LockDam_05-TainterGate21,Winona,Lock and Dam 05 Tainter Gate 21,OUTLET,US/Central,44.1616,-91.8116,m,United States,WI,Buffalo,MVP,True,"[{'name': 'Agency Aliases-NWS Handbook 5 ID', 'value': 'MSCM5-TainterGate21'}, {'name': 'Agency Aliases-CWMS Standard Naming', 'value': 'LockDam_05-TainterGate21'}, {'name': 'Agency Aliases-CWMS Legacy Naming', 'value': 'LockDam_05-TainterGate21'}, {'name': 'Agency Aliases-NIDID', 'value': 'MN00589-TainterGate21'}]",Mississippi River Lock and Dam 05 Tainter Gate 21,Mississippi River Lock and Dam 05 Gate,Gate,0.0,0.0,NAD83,182.88,NAVD88,
MVP,LockDam_02-TainterGate13,Cottage Grove,Lock and Dam 02 Tainter Gate 13,OUTLET,US/Central,44.7599,-92.8683,m,United States,MN,Dakota,MVP,True,"[{'name': 'Agency Aliases-CWMS Legacy Naming', 'value': 'LockDam_02-TainterGate13'}, {'name': 'Agency Aliases-NIDID', 'value': 'MN00594-TainterGate13'}, {'name': 'Agency Aliases-NWS Handbook 5 ID', 'value': 'HSTM5-TainterGate13'}, {'name': 'Agency Aliases-CWMS Standard Naming', 'value': 'LockDam_02-TainterGate13'}]",,Mississippi River Lock and Dam 02,,0.0,0.0,NAD83,182.88,NAVD88,
MVP,LockDam_05-TainterGate32,Winona,Lock and Dam 05 Tainter Gate 32,OUTLET,US/Central,44.1616,-91.8116,ft,United States,WI,Buffalo,MVP,True,"[{'name': 'Agency Aliases-NWS Handbook 5 ID', 'value': 'MSCM5-TainterGate32'}, {'name': 'Agency Aliases-CWMS Standard Naming', 'value': 'LockDam_05-TainterGate32'}, {'name': 'Agency Aliases-CWMS Legacy Naming', 'value': 'LockDam_05-TainterGate32'}, {'name': 'Agency Aliases-NIDID', 'value': 'MN00589-TainterGate32'}]",Mississippi River Lock and Dam 05 Tainter Gate 32,Mississippi River Lock and Dam 05,,0.0,0.0,NAD83,599.9999999999999,NAVD88,
MVP,Baldhill_Dam-FishPondSiphon,Jamestown,Baldhill Dam Fish Pond Outlet,OUTLET,US/Central,47.033886,-98.0771,m,United States,ND,Barnes,MVP,True,"[{'name': 'Agency Aliases-CWMS Standard Naming', 'value': 'Baldhill_Dam-FishPondSiphon'}, {'name': 'Agency Aliases-NWS Handbook 5 ID', 'value': 'BLDN8-FishPondSiphon'}, {'name': 'Agency Aliases-CWMS Legacy Naming', 'value': 'Baldhill_Dam-FishPondSiphon'}, {'name': 'Agency Aliases-USGS Station Number', 'value': '05057500-FishPondSiphon'}, {'name': 'Agency Aliases-NIDID', 'value': 'ND00309-FishPondSiphon'}]",,Baldhill Dam Fish Pond Outlet,,0.0,0.0,NAD83,0.0,NGVD29,
MVP,LockDam_05-TainterGate33,Winona,Lock and Dam 05 Tainter Gate 33,OUTLET,US/Central,44.1616,-91.8116,ft,United States,WI,Buffalo,MVP,True,"[{'name': 'Agency Aliases-NIDID', 'value': 'MN00589-TainterGate33'}, {'name': 'Agency Aliases-NWS Handbook 5 ID', 'value': 'MSCM5-TainterGate33'}, {'name': 'Agency Aliases-CWMS Legacy Naming', 'value': 'LockDam_05-TainterGate33'}, {'name': 'Agency Aliases-CWMS Standard Naming', 'value': 'LockDam_05-TainterGate33'}]",Mississippi River Lock and Dam 05 Tainter Gate 33,Mississippi River Lock and Dam 05,,0.0,0.0,NAD83,599.9999999999999,NAVD88,
MVP,LockDam_02-TainterGate15,Hastings,Lock and Dam 02 Tainter Gate 15,OUTLET,US/Central,44.7599,-92.8683,ft,United States,MN,Dakota,MVP,True,"[{'name': 'Agency Aliases-NIDID', 'value': 'MN00594-TainterGate15'}, {'name': 'Agency Aliases-CWMS Legacy Naming', 'value': 'LockDam_02-TainterGate15'}, {'name': 'Agency Aliases-CWMS Standard Naming', 'value': 'LockDam_02-TainterGate15'}, {'name': 'Agency Aliases-NWS Handbook 5 ID', 'value': 'HSTM5-TainterGate15'}]",,Mississippi River Lock and Dam 02,,0.0,0.0,NAD83,599.9999999999999,NAVD88,
MVP,Baldhill_Dam-Tailwater,Valley City,Baldhill Dam Tailwater,SITE,US/Central,47.032919,-98.083911,m,United States,ND,Barnes,MVP,True,"[{'name': 'Agency Aliases-NWS Handbook 5 ID', 'value': 'BLDN8-Tailwater'}, {'name': 'Agency Aliases-CWMS Standard Naming', 'value': 'Baldhill_Dam-Tailwater'}, {'name': 'Agency Aliases-USGS Station Number', 'value': '05057500-Tailwater'}, {'name': 'Agency Aliases-NIDID', 'value': 'ND00309-Tailwater'}, {'name': 'Agency Aliases-NWS Handbook 5 ID', 'value': 'BHTN8'}, {'name': 'Agency Aliases-CWMS Legacy Naming', 'value': 'Baldhill_Dam-Tailwater'}, {'name': 'Agency Aliases-USGS Station Number', 'value': '05058000'}]",Baldhill Dam Tailwater,Baldhill Dam Tailwater,,0.0,0.0,NAD83,365.76,NGVD29,
MVP,LockDam_02-TainterGate17,Hastings,Lock and Dam 02 Tainter Gate 17,OUTLET,US/Central,44.7599,-92.8683,ft,United States,MN,Dakota,MVP,True,"[{'name': 'Agency Aliases-CWMS Legacy Naming', 'value': 'LockDam_02-TainterGate17'}, {'name': 'Agency Aliases-CWMS Standard Naming', 'value': 'LockDam_02-TainterGate17'}, {'name': 'Agency Aliases-NIDID', 'value': 'MN00594-TainterGate17'}, {'name': 'Agency Aliases-NWS Handbook 5 ID', 'value': 'HSTM5-TainterGate17'}]",,Mississippi River Lock and Dam 02,,0.0,0.0,NAD83,599.9999999999999,NAVD88,
MVP,LockDam_05-TainterGate34,Winona,Lock and Dam 05 Tainter Gate 34,OUTLET,US/Central,44.1616,-91.8116,m,United States,WI,Buffalo,MVP,True,"[{'name': 'Agency Aliases-NIDID', 'value': 'MN00589-TainterGate34'}, {'name': 'Agency Aliases-NWS Handbook 5 ID', 'value': 'MSCM5-TainterGate34'}, {'name': 'Agency Aliases-CWMS Standard Naming', 'value': 'LockDam_05-TainterGate34'}, {'name': 'Agency Aliases-CWMS Legacy Naming', 'value': 'LockDam_05-TainterGate34'}]",Mississippi River Lock and Dam 05 Tainter Gate 34,Mississippi River Lock and Dam 05,,0.0,0.0,NAD83,182.88,NAVD88,
MVP,LockDam_05-TainterGate29,Winona,Lock and Dam 05 Tainter Gate 29,OUTLET,US/Central,44.1616,-91.8116,m,United States,WI,Buffalo,MVP,True,"[{'name': 'Agency Aliases-NIDID', 'value': 'MN00589-TainterGate29'}, {'name': 'Agency Aliases-NWS Handbook 5 ID', 'value': 'MSCM5-TainterGate29'}, {'name': 'Agency Aliases-CWMS Standard Naming', 'value': 'LockDam_05-TainterGate29'}, {'name': 'Agency Aliases-CWMS Legacy Naming', 'value': 'LockDam_05-TainterGate29'}]",Mississippi River Lock and Dam 05 Tainter Gate 29,Mississippi River Lock and Dam 05,,0.0,0.0,NAD83,182.88,NAVD88,
MVP,LockDam_05-TainterGate07,Winona,Lock and Dam 05 Tainter Gate 07,OUTLET,US/Central,44.1616,-91.8116,m,United States,WI,Buffalo,MVP,True,"[{'name': 'Agency Aliases-NIDID', 'value': 'MN00589-TainterGate07'}, {'name': 'Agency Aliases-NWS Handbook 5 ID', 'value': 'MSCM5-TainterGate07'}, {'name': 'Agency Aliases-CWMS Standard Naming', 'value': 'LockDam_05-TainterGate07'}, {'name': 'Agency Aliases-CWMS Legacy Naming', 'value': 'LockDam_05-TainterGate07'}]",Mississippi River Lock and Dam 05 Tainter Gate 07,Mississippi River Lock and Dam 05 Gate,Gate,0.0,0.0,NAD83,182.88,NAVD88,
MVP,LockDam_05-TainterGate30,Winona,Lock and Dam 05 Tainter Gate 30,OUTLET,US/Central,44.1616,-91.8116,m,United States,WI,Buffalo,MVP,True,"[{'name': 'Agency Aliases-CWMS Standard Naming', 'value': 'LockDam_05-TainterGate30'}, {'name': 'Agency Aliases-NWS Handbook 5 ID', 'value': 'MSCM5-TainterGate30'}, {'name': 'Agency Aliases-CWMS Legacy Naming', 'value': 'LockDam_05-TainterGate30'}, {'name': 'Agency Aliases-NIDID', 'value': 'MN00589-TainterGate30'}]",Mississippi River Lock and Dam 05 Tainter Gate 30,Mississippi River Lock and Dam 05,,0.0,0.0,NAD83,182.88,NAVD88,
MVP,LockDam_02-TainterGate19,Hastings,Lock and Dam 02 Tainter Gate 19,OUTLET,US/Central,44.7599,-92.8683,m,United States,MN,Dakota,MVP,True,"[{'name': 'Agency Aliases-CWMS Legacy Naming', 'value': 'LockDam_02-TainterGate19'}, {'name': 'Agency Aliases-NWS Handbook 5 ID', 'value': 'HSTM5-TainterGate19'}, {'name': 'Agency Aliases-CWMS Standard Naming', 'value': 'LockDam_02-TainterGate19'}, {'name': 'Agency Aliases-NIDID', 'value': 'MN00594-TainterGate19'}]",,Mississippi River Lock and Dam 02,,0.0,0.0,NAD83,182.88,NAVD88,
MVP,Clayton,Clayton,"Mississippi River at Clayton, IA",STREAM_LOCATION,America/Chicago,42.903611111111,-91.145,m,United States,IA,Clayton,MVP,True,"[{'name': 'Agency Aliases-USGS Station Number', 'value': '05411500'}, {'name': 'Agency Aliases-CWMS Legacy Naming', 'value': 'CLAI4'}, {'name': 'Agency Aliases-NWS Handbook 5 ID', 'value': 'CLAI4'}, {'name': 'Agency Aliases-CWMS Standard Naming', 'value': 'CLAI4'}]","Mississippi River at Clayton, IA (CP10)","Mississippi River at Clayton, IA",DCP Gage,,,NAD83,600.0,LOCAL,
MVP,Baldhill_Dam-TainterGate02,Jamestown,Baldhill Dam Tainter Gate 02,OUTLET,US/Central,47.0361844,-98.081466,m,United States,ND,Barnes,MVP,True,"[{'name': 'Agency Aliases-CWMS Standard Naming', 'value': 'Baldhill_Dam-TainterGate02'}, {'name': 'Agency Aliases-NWS Handbook 5 ID', 'value': 'BLDN8-TainterGate02'}, {'name': 'Agency Aliases-USGS Station Number', 'value': '05057500-TainterGate02'}, {'name': 'Agency Aliases-CWMS Legacy Naming', 'value': 'Baldhill_Dam-TainterGate02'}, {'name': 'Agency Aliases-NIDID', 'value': 'ND00309-TainterGate02'}]",,Baldhill Dam,,,,NAD83,0.0,NGVD29,
MVP,Highway75_Dam-LeafGate,Watertown,Highway 75 Dam Leaf Gate,OUTLET,US/Central,45.2483,-96.2916,ft,United States,MN,Big Stone,MVP,True,"[{'name': 'Agency Aliases-NIDID', 'value': 'MN00581-LeafGate'}, {'name': 'RFC CHPS Aliases-Locations', 'value': 'ODAM5_CHPS-LeafGate'}, {'name': 'Agency Aliases-CWMS Legacy Naming', 'value': 'Highway75_Dam-LeafGate'}, {'name': 'Agency Aliases-CWMS Standard Naming', 'value': 'Highway75_Dam-LeafGate'}]",,Highway 75 Dam,,0.0,0.0,NAD83,0.0,NGVD29,
MVP,LockDam_05-TainterGate09,Winona,Lock and Dam 05 Tainter Gate 09,OUTLET,US/Central,44.1616,-91.8116,m,United States,WI,Buffalo,MVP,True,"[{'name': 'Agency Aliases-NIDID', 'value': 'MN00589-TainterGate09'}, {'name': 'Agency Aliases-NWS Handbook 5 ID', 'value': 'MSCM5-TainterGate09'}, {'name': 'Agency Aliases-CWMS Standard Naming', 'value': 'LockDam_05-TainterGate09'}, {'name': 'Agency Aliases-CWMS Legacy Naming', 'value': 'LockDam_05-TainterGate09'}]",Mississippi River Lock and Dam 05 Tainter Gate 09,Mississippi River Lock and Dam 05 Gate,Gate,0.0,0.0,NAD83,182.88,NAVD88,
MVP,LockDam_05-TainterGate31,Winona,Lock and Dam 05 Tainter Gate 31,OUTLET,US/Central,44.1616,-91.8116,ft,United States,WI,Buffalo,MVP,True,"[{'name': 'Agency Aliases-CWMS Standard Naming', 'value': 'LockDam_05-TainterGate31'}, {'name': 'Agency Aliases-NWS Handbook 5 ID', 'value': 'MSCM5-TainterGate31'}, {'name': 'Agency Aliases-CWMS Legacy Naming', 'value': 'LockDam_05-TainterGate31'}, {'name': 'Agency Aliases-NIDID', 'value': 'MN00589-TainterGate31'}]",Mississippi River Lock and Dam 05 Tainter Gate 31,Mississippi River Lock and Dam 05,,0.0,0.0,NAD83,599.9999999999999,NAVD88,
MVP,LockDam_05-TainterGate11,Winona,Lock and Dam 05 Tainter Gate 11,OUTLET,US/Central,44.1616,-91.8116,ft,United States,WI,Buffalo,MVP,True,"[{'name': 'Agency Aliases-NIDID', 'value': 'MN00589-TainterGate11'}, {'name': 'Agency Aliases-NWS Handbook 5 ID', 'value': 'MSCM5-TainterGate11'}, {'name': 'Agency Aliases-CWMS Legacy Naming', 'value': 'LockDam_05-TainterGate11'}, {'name': 'Agency Aliases-CWMS Standard Naming', 'value': 'LockDam_05-TainterGate11'}]",Mississippi River Lock and Dam 05 Tainter Gate 11,Mississippi River Lock and Dam 05 Gate,Gate,0.0,0.0,NAD83,599.9999999999999,NAVD88,
MVP,Highway75_Dam-EmergencySpillway,Watertown,,SITE,US/Central,45.2483,-96.2916,ft,United States,MN,Big Stone,MVP,True,"[{'name': 'Agency Aliases-CWMS Standard Naming', 'value': 'Highway75_Dam-EmergencySpillway'}, {'name': 'Agency Aliases-NIDID', 'value': 'MN00581-EmergencySpillway'}, {'name': 'RFC CHPS Aliases-Locations', 'value': 'ODAM5_CHPS-EmergencySpillway'}, {'name': 'Agency Aliases-CWMS Legacy Naming', 'value': 'Highway75_Dam-EmergencySpillway'}]",,Highway 75 Dam,,0.0,0.0,NAD83,0.0,NGVD29,
MVP,LockDam_05a-TainterValves,Winona,Lock and Dam 05a Tainter Valves,OUTLET,US/Central,44.0883,-91.6699,ft,United States,WI,Buffalo,MVP,True,"[{'name': 'Agency Aliases-CWMS Legacy Naming', 'value': 'LockDam_05a-TainterValves'}, {'name': 'Agency Aliases-CWMS Standard Naming', 'value': 'LockDam_05a-TainterValves'}, {'name': 'Agency Aliases-NWS Handbook 5 ID', 'value': 'WIDM5-TainterValves'}, {'name': 'Agency Aliases-NIDID', 'value': 'MN00588-TainterValves'}]",,Mississippi River Lock and Dam 05a,,0.0,0.0,NAD83,599.9999999999999,NAVD88,
MVP,LockDam_05a-RollerGate04,Winona,Lock and Dam 05a Roller Gate 04,OUTLET,US/Central,44.0883,-91.6699,ft,United States,WI,Buffalo,MVP,True,"[{'name': 'Agency Aliases-NIDID', 'value': 'MN00588-RollerGate04'}, {'name': 'Agency Aliases-CWMS Legacy Naming', 'value': 'LockDam_05a-RollerGate04'}, {'name': 'Agency Aliases-CWMS Standard Naming', 'value': 'LockDam_05a-RollerGate04'}, {'name': 'Agency Aliases-NWS Handbook 5 ID', 'value': 'WIDM5-RollerGate04'}]",Mississippi River Lock and Dam 05a Roller Gate 04,Mississippi River Lock and Dam 05a Gate,Gate,0.0,0.0,NAD83,599.9999999999999,NAVD88,
MVP,LockDam_05,Minnesota City,Lock and Dam 5,PROJECT,US/Central,44.1609167,-91.8142361,m,United States,MN,Winona,MVP,True,"[{'name': 'Agency Aliases-CWMS Standard Naming', 'value': 'LockDam_05'}, {'name': 'Agency Aliases-NWS Handbook 5 ID', 'value': 'MSCM5'}, {'name': 'Agency Aliases-CWMS Legacy Naming', 'value': 'LockDam_05'}, {'name': 'Agency Aliases-NIDID', 'value': 'MN00589'}]",Lock and Dam 05 at Mississippi River 9 foot Channel Navigation Project,Lock and Dam 05,Dam,0.0,0.0,NAD83,182.88,LOCAL,USACE Owned and Maintained
MVP,MissHW_PineRiver-Bays05_06,Brainerd,Pine River Dam Bays 5 & 6 - Slide Gates,SITE,US/Central,46.66914,-94.112745,m,United States,MN,Crow Wing,MVP,True,"[{'name': 'Agency Aliases-NWS Handbook 5 ID', 'value': 'CRLM5-Bays05_06'}, {'name': 'Agency Aliases-CWMS Legacy Naming', 'value': 'MissHW_PineRiver-Bays05_06'}, {'name': 'Agency Aliases-CWMS Standard Naming', 'value': 'MissHW_PineRiver-Bays05_06'}, {'name': 'Agency Aliases-NIDID', 'value': 'MN00582-Bays05_06'}]",Pine River Dam Bays 5 & 6 - Slide Gates,Pine River Dam at Cross Lake,,-3.4028234663852886e+38,-3.4028234663852886e+38,NAD83,0.0,NGVD29,"Total opening of gates in bays 5, 6"
MVP,MissHW_PineRiver-SlideGate10,Brainerd,Pine River Dam Slide Gate 10,OUTLET,US/Central,46.6683,-94.1116,ft,United States,MN,Crow Wing,MVP,True,"[{'name': 'Agency Aliases-NWS Handbook 5 ID', 'value': 'CRLM5-SlideGate10'}, {'name': 'Agency Aliases-CWMS Legacy Naming', 'value': 'MissHW_PineRiver-SlideGate10'}, {'name': 'Agency Aliases-CWMS Standard Naming', 'value': 'MissHW_PineRiver-SlideGate10'}, {'name': 'Agency Aliases-NIDID', 'value': 'MN00582-SlideGate10'}]",,Pine River Dam at Cross Lake,,,,NAD83,1199.9999999999998,NGVD29,
MVP,LockDam_02-Turbine01,Hastings,Lock and Dam 02 Turbine 01,TURBINE,US/Central,44.7599,-92.8683,ft,United States,MN,Dakota,MVP,True,"[{'name': 'Agency Aliases-NWS Handbook 5 ID', 'value': 'HSTM5-Turbine01'}, {'name': 'Agency Aliases-NIDID', 'value': 'MN00594-Turbine01'}, {'name': 'Agency Aliases-CWMS Standard Naming', 'value': 'LockDam_02-Turbine01'}, {'name': 'Agency Aliases-CWMS Legacy Naming', 'value': 'LockDam_02-Turbine01'}]",,Mississippi River Lock and Dam 02 Turbine 01,,0.0,0.0,NAD83,599.9999999999999,NAVD88,
MVP,LockDam_05a-TainterGate08,Winona,Lock and Dam 05a Tainter Gate 08,OUTLET,US/Central,44.0883,-91.6699,m,United States,WI,Buffalo,MVP,True,"[{'name': 'Agency Aliases-NIDID', 'value': 'MN00588-TainterGate08'}, {'name': 'Agency Aliases-CWMS Standard Naming', 'value': 'LockDam_05a-TainterGate08'}, {'name': 'Agency Aliases-CWMS Legacy Naming', 'value': 'LockDam_05a-TainterGate08'}, {'name': 'Agency Aliases-NWS Handbook 5 ID', 'value': 'WIDM5-TainterGate08'}]",,Mississippi River Lock and Dam 05a,,0.0,0.0,NAD83,182.88,NAVD88,
MVP,LockDam_02-Lock_02,Hastings,Lock and Dam 02 Lock 02,LOCK,US/Central,44.7599,-92.8683,m,United States,MN,Dakota,MVP,True,"[{'name': 'Agency Aliases-NWS Handbook 5 ID', 'value': 'HSTM5-Lock_02'}, {'name': 'Agency Aliases-CWMS Legacy Naming', 'value': 'LockDam_02-Lock_02'}, {'name': 'Agency Aliases-NIDID', 'value': 'MN00594-Lock_02'}, {'name': 'Agency Aliases-CWMS Standard Naming', 'value': 'LockDam_02-Lock_02'}]",,Mississippi River Lock and Dam 02,Lock,0.0,0.0,NAD83,182.88,NAVD88,
MVP,LockDam_05a-TainterGate09,Winona,Lock and Dam 05a Tainter Gate 09,OUTLET,US/Central,44.0883,-91.6699,m,United States,WI,Buffalo,MVP,True,"[{'name': 'Agency Aliases-NWS Handbook 5 ID', 'value': 'WIDM5-TainterGate09'}, {'name': 'Agency Aliases-CWMS Legacy Naming', 'value': 'LockDam_05a-TainterGate09'}, {'name': 'Agency Aliases-CWMS Standard Naming', 'value': 'LockDam_05a-TainterGate09'}, {'name': 'Agency Aliases-NIDID', 'value': 'MN00588-TainterGate09'}]",,Mississippi River Lock and Dam 05a,,0.0,0.0,NAD83,182.88,NAVD88,
MVP,LockDam_02-TainterGate03,Hastings,Lock and Dam 02 Tainter Gate 03,OUTLET,US/Central,44.7599,-92.8683,m,United States,MN,Dakota,MVP,True,"[{'name': 'Agency Aliases-CWMS Legacy Naming', 'value': 'LockDam_02-TainterGate03'}, {'name': 'Agency Aliases-NIDID', 'value': 'MN00594-TainterGate03'}, {'name': 'Agency Aliases-NWS Handbook 5 ID', 'value': 'HSTM5-TainterGate03'}, {'name': 'Agency Aliases-CWMS Standard Naming', 'value': 'LockDam_02-TainterGate03'}]",,Mississippi River Lock and Dam 02,,0.0,0.0,NAD83,182.88,NAVD88,
MVP,MissHW_PineRiver-SlideGate08,Brainerd,Pine River Dam Slide Gate 08,OUTLET,US/Central,46.6683,-94.1116,m,United States,MN,Crow Wing,MVP,True,"[{'name': 'Agency Aliases-NIDID', 'value': 'MN00582-SlideGate08'}, {'name': 'Agency Aliases-CWMS Legacy Naming', 'value': 'MissHW_PineRiver-SlideGate08'}, {'name': 'Agency Aliases-NWS Handbook 5 ID', 'value': 'CRLM5-SlideGate08'}, {'name': 'Agency Aliases-CWMS Standard Naming', 'value': 'MissHW_PineRiver-SlideGate08'}]",,Pine River Dam at Cross Lake,,,,NAD83,365.76,NGVD29,
MVP,LockDam_05a-Lock_01,Winona,Lock Dam 05a Lock 01,LOCK,US/Central,44.0883,-91.6699,m,United States,WI,Buffalo,MVP,True,"[{'name': 'Agency Aliases-CWMS Legacy Naming', 'value': 'LockDam_05a-Lock_01'}, {'name': 'Agency Aliases-NIDID', 'value': 'MN00588-Lock_01'}, {'name': 'Agency Aliases-NWS Handbook 5 ID', 'value': 'WIDM5-Lock_01'}, {'name': 'Agency Aliases-CWMS Standard Naming', 'value': 'LockDam_05a-Lock_01'}]",,Mississippi River Lock and Dam 05a,Lock,0.0,0.0,NAD83,182.88,NAVD88,
MVP,LockDam_02-TainterGate05,Hastings,Lock and Dam 02 Tainter Gate 05,OUTLET,US/Central,44.7599,-92.8683,ft,United States,MN,Dakota,MVP,True,"[{'name': 'Agency Aliases-NIDID', 'value': 'MN00594-TainterGate05'}, {'name': 'Agency Aliases-CWMS Legacy Naming', 'value': 'LockDam_02-TainterGate05'}, {'name': 'Agency Aliases-CWMS Standard Naming', 'value': 'LockDam_02-TainterGate05'}, {'name': 'Agency Aliases-NWS Handbook 5 ID', 'value': 'HSTM5-TainterGate05'}]",,Mississippi River Lock and Dam 02,,0.0,0.0,NAD83,599.9999999999999,NAVD88,
MVP,MissHW_PineRiver-Bays01_02,Brainerd,Pine River Dam Bays 1 & 2 - Slide Gates,SITE,US/Central,46.669194,-94.112572,m,United States,MN,Crow Wing,MVP,True,"[{'name': 'Agency Aliases-CWMS Standard Naming', 'value': 'MissHW_PineRiver-Bays01_02'}, {'name': 'Agency Aliases-NIDID', 'value': 'MN00582-Bays01_02'}, {'name': 'Agency Aliases-CWMS Legacy Naming', 'value': 'MissHW_PineRiver-Bays01_02'}, {'name': 'Agency Aliases-NWS Handbook 5 ID', 'value': 'CRLM5-Bays01_02'}]",Pine River Dam Bays 1 & 2 - Slide Gates,Pine River Dam at Cross Lake,,-3.4028234663852886e+38,-3.4028234663852886e+38,NAD 83,0.0,NGVD29,"Total opening of gates in bays 1, 2"
MVP,LockDam_02-TainterGates,Hastings,Lock and Dam 02 Tainter Gates,OUTLET,US/Central,44.7599,-92.8683,m,United States,MN,Dakota,MVP,True,"[{'name': 'Agency Aliases-CWMS Standard Naming', 'value': 'LockDam_02-TainterGates'}, {'name': 'Agency Aliases-CWMS Legacy Naming', 'value': 'LockDam_02-TainterGates'}, {'name': 'Agency Aliases-NWS Handbook 5 ID', 'value': 'HSTM5-TainterGates'}, {'name': 'Agency Aliases-NIDID', 'value': 'MN00594-TainterGates'}]",,Mississippi River Lock and Dam 02 Tainter Gates,,0.0,0.0,NAD83,182.88,NAVD88,
MVP,LockDam_05-RollerGate01,Winona,Lock and Dam 05 Roller Gate 01,OUTLET,US/Central,44.1616,-91.8116,m,United States,WI,Buffalo,MVP,True,"[{'name': 'Agency Aliases-CWMS Legacy Naming', 'value': 'LockDam_05-RollerGate01'}, {'name': 'Agency Aliases-NIDID', 'value': 'MN00589-RollerGate01'}, {'name': 'Agency Aliases-CWMS Standard Naming', 'value': 'LockDam_05-RollerGate01'}, {'name': 'Agency Aliases-NWS Handbook 5 ID', 'value': 'MSCM5-RollerGate01'}]",Mississippi River Lock and Dam 05 Roller Gate 01,Mississippi River Lock and Dam 05 Gate,Gate,0.0,0.0,NAD83,182.88,NAVD88,
MVP,MissHW_PineRiver-SlideGate06,Brainerd,Pine River Dam Slide Gate 06,OUTLET,US/Central,46.6683,-94.1116,m,United States,MN,Crow Wing,MVP,True,"[{'name': 'Agency Aliases-CWMS Standard Naming', 'value': 'MissHW_PineRiver-SlideGate06'}, {'name': 'Agency Aliases-NIDID', 'value': 'MN00582-SlideGate06'}, {'name': 'Agency Aliases-NWS Handbook 5 ID', 'value': 'CRLM5-SlideGate06'}, {'name': 'Agency Aliases-CWMS Legacy Naming', 'value': 'MissHW_PineRiver-SlideGate06'}]",,Pine River Dam at Cross Lake,,,,NAD83,365.76,NGVD29,
MVP,Baldhill_Dam,Valley City,Baldhill Dam at Lake Ashtabula,PROJECT,US/Central,47.0361833,-98.0814667,ft,United States,ND,Barnes,MVP,True,"[{'name': 'Agency Aliases-NIDID', 'value': 'ND00309'}, {'name': 'Agency Aliases-NWS Handbook 5 ID', 'value': 'BLDN8'}, {'name': 'Agency Aliases-USGS Station Number', 'value': '05057500'}, {'name': 'Agency Aliases-CWMS Standard Naming', 'value': 'Baldhill_Dam'}, {'name': 'Agency Aliases-CWMS Legacy Naming', 'value': 'Baldhill_Dam'}]","Baldhill Dam at Lake Ashtabula near Valley City, ND",Baldhill Dam,Dam,,,NAD83,0.0,NGVD29,"USACE Owned, USGS Maintained"
MVP,LockDam_05a-TainterGate10,Winona,Lock and Dam 05a Tainter Gate 10,OUTLET,US/Central,44.0883,-91.6699,m,United States,WI,Buffalo,MVP,True,"[{'name': 'Agency Aliases-CWMS Standard Naming', 'value': 'LockDam_05a-TainterGate10'}, {'name': 'Agency Aliases-NIDID', 'value': 'MN00588-TainterGate10'}, {'name': 'Agency Aliases-CWMS Legacy Naming', 'value': 'LockDam_05a-TainterGate10'}, {'name': 'Agency Aliases-NWS Handbook 5 ID', 'value': 'WIDM5-TainterGate10'}]",,Mississippi River Lock and Dam 05a,,0.0,0.0,NAD83,182.88,NAVD88,
MVP,LockDam_02-TainterGate07,Hastings,Lock and Dam 02 Tainter Gate 07,OUTLET,US/Central,44.7599,-92.8683,m,United States,MN,Dakota,MVP,True,"[{'name': 'Agency Aliases-CWMS Legacy Naming', 'value': 'LockDam_02-TainterGate07'}, {'name': 'Agency Aliases-CWMS Standard Naming', 'value': 'LockDam_02-TainterGate07'}, {'name': 'Agency Aliases-NIDID', 'value': 'MN00594-TainterGate07'}, {'name': 'Agency Aliases-NWS Handbook 5 ID', 'value': 'HSTM5-TainterGate07'}]",,Mississippi River Lock and Dam 02,,0.0,0.0,NAD83,182.88,NAVD88,
MVP,LockDam_02-TainterGate09,Hastings,Lock and Dam 02 Tainter Gate 09,OUTLET,US/Central,44.7599,-92.8683,ft,United States,MN,Dakota,MVP,True,"[{'name': 'Agency Aliases-CWMS Legacy Naming', 'value': 'LockDam_02-TainterGate09'}, {'name': 'Agency Aliases-NWS Handbook 5 ID', 'value': 'HSTM5-TainterGate09'}, {'name': 'Agency Aliases-CWMS Standard Naming', 'value': 'LockDam_02-TainterGate09'}, {'name': 'Agency Aliases-NIDID', 'value': 'MN00594-TainterGate09'}]",,Mississippi River Lock and Dam 02,,0.0,0.0,NAD83,599.9999999999999,NAVD88,
MVP,LockDam_02-Powerhouse,Hastings,Lock and Dam 02 Powerhouse,SITE,US/Central,44.760148,-92.867056,ft,United States,MN,Dakota,MVP,True,"[{'name': 'Agency Aliases-NWS Handbook 5 ID', 'value': 'HSTM5-Powerhouse'}, {'name': 'Agency Aliases-NIDID', 'value': 'MN00594-Powerhouse'}, {'name': 'Agency Aliases-CWMS Legacy Naming', 'value': 'LockDam_02-Powerhouse'}, {'name': 'Agency Aliases-CWMS Standard Naming', 'value': 'LockDam_02-Powerhouse'}]",,Mississippi River Lock and Dam 02,,0.0,0.0,NAD83,1968.5039370078734,NAVD88,
MVP,Rafferty_Dam-Tailwater,Williston,Rafferty Dam Tailwater,SITE,US/Central,49.1433333,-103.0830556,ft,Canada,00,Unknown County or County N/A for Unknown State or State N/A,,True,"[{'name': 'Agency Aliases-ECCC Station ID', 'value': '05NB032-Tailwater'}, {'name': 'Agency Aliases-NWS Handbook 5 ID', 'value': 'RAFQ8-Tailwater'}, {'name': 'Agency Aliases-ECCC Station ID', 'value': '05NB036'}, {'name': 'Agency Aliases-CWMS Standard Naming', 'value': 'Rafferty_Dam-Tailwater'}, {'name': 'Agency Aliases-CWMS Legacy Naming', 'value': 'Rafferty_Dam-Tailwater'}]","Souris River below Rafferty Reservoir, SK",Souris River b Rafferty RSVR,DCP Gage,,,,,,Owner is Environment Canada
MVP,LockDam_05a-TainterGate06,Winona,Lock and Dam 05a Tainter Gate 06,OUTLET,US/Central,44.0883,-91.6699,ft,United States,WI,Buffalo,MVP,True,"[{'name': 'Agency Aliases-CWMS Legacy Naming', 'value': 'LockDam_05a-TainterGate06'}, {'name': 'Agency Aliases-NIDID', 'value': 'MN00588-TainterGate06'}, {'name': 'Agency Aliases-NWS Handbook 5 ID', 'value': 'WIDM5-TainterGate06'}, {'name': 'Agency Aliases-CWMS Standard Naming', 'value': 'LockDam_05a-TainterGate06'}]",,Mississippi River Lock and Dam 05a,,0.0,0.0,NAD83,599.9999999999999,NAVD88,
MVP,LockDam_05-RollerGate03,Winona,Lock and Dam 05 Roller Gate 03,OUTLET,US/Central,44.1616,-91.8116,ft,United States,WI,Buffalo,MVP,True,"[{'name': 'Agency Aliases-NIDID', 'value': 'MN00589-RollerGate03'}, {'name': 'Agency Aliases-CWMS Legacy Naming', 'value': 'LockDam_05-RollerGate03'}, {'name': 'Agency Aliases-CWMS Standard Naming', 'value': 'LockDam_05-RollerGate03'}, {'name': 'Agency Aliases-NWS Handbook 5 ID', 'value': 'MSCM5-RollerGate03'}]",Mississippi River Lock and Dam 05 Roller Gate 03,Mississippi River Lock and Dam 05 Gate,Gate,0.0,0.0,NAD83,599.9999999999999,NAVD88,
MVP,Cooperstown200,Cooperstown,"SHEYENNE RIVER ON HWY 200 NEAR COOPERSTOWN, ND",SITE,US/Central,,,ft,United States,ND,Griggs,MVP,True,"[{'name': 'Agency Aliases-CWMS Standard Naming', 'value': 'Cooperstown2'}, {'name': 'Agency Aliases-USGS Station Number', 'value': '05056995'}, {'name': 'Agency Aliases-NWS Handbook 5 ID', 'value': 'CPPN8'}, {'name': 'Agency Aliases-CWMS Legacy Naming', 'value': 'Cooperstown2'}]","SHEYENNE RIVER ON HWY 200 NEAR COOPERSTOWN, ND",SHEYENNE RIVER ON HWY 200 NEAR COOPERSTOWN,DCP Gage,,,NAD83,1272.9396325459318,NAVD88,"USACE Owned, USGS Maintained"
MVP,LockDam_05a-RollerGates,Winona,Lock and Dam 05a Roller Gates,SITE,US/Central,44.0883,-91.6699,ft,United States,WI,Buffalo,MVP,True,"[{'name': 'Agency Aliases-NIDID', 'value': 'MN00588-RollerGates'}, {'name': 'Agency Aliases-CWMS Standard Naming', 'value': 'LockDam_05a-RollerGates'}, {'name': 'Agency Aliases-CWMS Legacy Naming', 'value': 'LockDam_05a-RollerGates'}, {'name': 'Agency Aliases-NWS Handbook 5 ID', 'value': 'WIDM5-RollerGates'}]",Mississippi River Lock and Dam 05a Roller Gates,Mississippi River Lock and Dam 05a Roller Gates,Gate,0.0,0.0,NAD83,599.9999999999999,NAVD88,
MVP,LockDam_05a-TainterGate07,Winona,Lock and Dam 05a Tainter Gate 07,OUTLET,US/Central,44.0883,-91.6699,m,United States,WI,Buffalo,MVP,True,"[{'name': 'Agency Aliases-NIDID', 'value': 'MN00588-TainterGate07'}, {'name': 'Agency Aliases-CWMS Legacy Naming', 'value': 'LockDam_05a-TainterGate07'}, {'name': 'Agency Aliases-NWS Handbook 5 ID', 'value': 'WIDM5-TainterGate07'}, {'name': 'Agency Aliases-CWMS Standard Naming', 'value': 'LockDam_05a-TainterGate07'}]",,Mississippi River Lock and Dam 05a,,0.0,0.0,NAD83,182.88,NAVD88,
MVP,LockDam_05-RollerGate05,Winona,Lock and Dam 05 Roller Gate 05,OUTLET,US/Central,44.1616,-91.8116,ft,United States,WI,Buffalo,MVP,True,"[{'name': 'Agency Aliases-CWMS Standard Naming', 'value': 'LockDam_05-RollerGate05'}, {'name': 'Agency Aliases-CWMS Legacy Naming', 'value': 'LockDam_05-RollerGate05'}, {'name': 'Agency Aliases-NWS Handbook 5 ID', 'value': 'MSCM5-RollerGate05'}, {'name': 'Agency Aliases-NIDID', 'value': 'MN00589-RollerGate05'}]",Mississippi River Lock and Dam 05 Roller Gate 05,Mississippi River Lock and Dam 05 Gate,Gate,0.0,0.0,NAD83,599.9999999999999,NAVD88,
MVP,MissHW_PineRiver-SlideGate12,Brainerd,Pine River Dam Slide Gate 12,OUTLET,US/Central,46.6683,-94.1116,ft,United States,MN,Crow Wing,MVP,True,"[{'name': 'Agency Aliases-CWMS Legacy Naming', 'value': 'MissHW_PineRiver-SlideGate12'}, {'name': 'Agency Aliases-NWS Handbook 5 ID', 'value': 'CRLM5-SlideGate12'}, {'name': 'Agency Aliases-CWMS Standard Naming', 'value': 'MissHW_PineRiver-SlideGate12'}, {'name': 'Agency Aliases-NIDID', 'value': 'MN00582-SlideGate12'}]",,Pine River Dam at Cross Lake,,,,NAD83,1199.9999999999998,NGVD29,
MVP,Highway75_Dam-ServiceSpillway-Gate,Watertown,,OUTLET,US/Central,45.2483,-96.2916,ft,United States,MN,Big Stone,MVP,True,"[{'name': 'Agency Aliases-NIDID', 'value': 'MN00581-ServiceSpillway-Gate'}, {'name': 'RFC CHPS Aliases-Locations', 'value': 'ODAM5_CHPS-ServiceSpillway-Gate'}, {'name': 'Agency Aliases-CWMS Legacy Naming', 'value': 'Highway75_Dam-ServiceSpillway-Gate'}, {'name': 'Agency Aliases-CWMS Standard Naming', 'value': 'Highway75_Dam-ServiceSpillway-Gate'}]",,Highway 75 Dam,,0.0,0.0,NAD83,0.0,NGVD29,
MVP,ChippewaDiv_Dam-LowFlow,Watson,Chippewa Diversion Dam Low Flow,OUTLET,US/Central,45.021908,-95.792215,ft,United States,MN,Chippewa,MVP,True,"[{'name': 'Agency Aliases-CWMS Legacy Naming', 'value': 'ChippewaDiv_Dam-LowFlow'}, {'name': 'Agency Aliases-NIDID', 'value': 'MN00578-LowFlow'}, {'name': 'Agency Aliases-USGS Station Number', 'value': '05304995-LowFlow'}, {'name': 'Agency Aliases-CWMS Standard Naming', 'value': 'ChippewaDiv_Dam-LowFlow'}, {'name': 'Agency Aliases-NWS Handbook 5 ID', 'value': 'WTSM5-LowFlow'}]",Chippewa Diversion Dam Low Flow Outlet,Chippewa Diversion Dam Low Flow,Gate,0.0,0.0,NAD83,0.0,NGVD29,
MVP,MissHW_PineRiver-Bays09_10,Brainerd,Pine River Dam Bays 9 & 10 - Slide Gates,SITE,US/Central,46.669089,-94.112926,m,United States,MN,Crow Wing,MVP,True,"[{'name': 'Agency Aliases-NWS Handbook 5 ID', 'value': 'CRLM5-Bays09_10'}, {'name': 'Agency Aliases-CWMS Legacy Naming', 'value': 'MissHW_PineRiver-Bays09_10'}, {'name': 'Agency Aliases-NIDID', 'value': 'MN00582-Bays09_10'}, {'name': 'Agency Aliases-CWMS Standard Naming', 'value': 'MissHW_PineRiver-Bays09_10'}]",Pine River Dam Bays 9 & 10 - Slide Gates,Pine River Dam at Cross Lake,,-3.4028234663852886e+38,-3.4028234663852886e+38,NAD83,0.0,NGVD29,"Total opening of gates in bays 9, 10"
MVP,LockDam_02-TainterGate11,Hastings,Lock and Dam 02 Tainter Gate 11,OUTLET,US/Central,44.7599,-92.8683,m,United States,MN,Dakota,MVP,True,"[{'name': 'Agency Aliases-NIDID', 'value': 'MN00594-TainterGate11'}, {'name': 'Agency Aliases-CWMS Legacy Naming', 'value': 'LockDam_02-TainterGate11'}, {'name': 'Agency Aliases-NWS Handbook 5 ID', 'value': 'HSTM5-TainterGate11'}, {'name': 'Agency Aliases-CWMS Standard Naming', 'value': 'LockDam_02-TainterGate11'}]",,Mississippi River Lock and Dam 02,,0.0,0.0,NAD83,182.88,NAVD88,
MVP,TraverseWR_Dam-Stoplogs,Fergus Falls,White Rock Dam Stoplogs,SITE,US/Central,45.8616,-96.5716,ft,United States,MN,Traverse,MVP,True,"[{'name': 'Agency Aliases-NWS Handbook 5 ID', 'value': 'WHRM5-Stoplogs'}, {'name': 'Agency Aliases-NIDID', 'value': 'MN00577-Stoplogs'}, {'name': 'Agency Aliases-CWMS Legacy Naming', 'value': 'TraverseWR_Dam-Stoplogs'}, {'name': 'Agency Aliases-CWMS Standard Naming', 'value': 'TraverseWR_Dam-Stoplogs'}, {'name': 'Agency Aliases-USGS Station Number', 'value': '05049995-Stoplogs'}]",White Rock Dam Stoplogs,White Rock Dam Stoplogs,,,,NAD83,899.9999999999999,LOCAL,
MVP,LockDam_05-TainterGate24,Winona,Lock and Dam 05 Tainter Gate 24,OUTLET,US/Central,44.1616,-91.8116,ft,United States,WI,Buffalo,MVP,True,"[{'name': 'Agency Aliases-NWS Handbook 5 ID', 'value': 'MSCM5-TainterGate24'}, {'name': 'Agency Aliases-NIDID', 'value': 'MN00589-TainterGate24'}, {'name': 'Agency Aliases-CWMS Legacy Naming', 'value': 'LockDam_05-TainterGate24'}, {'name': 'Agency Aliases-CWMS Standard Naming', 'value': 'LockDam_05-TainterGate24'}]",Mississippi River Lock and Dam 05 Tainter Gate 24,Mississippi River Lock and Dam 05 Gate,Gate,0.0,0.0,NAD83,599.9999999999999,NAVD88,
MVP,ChippewaDiv_Dam-TainterGate,Watson,,OUTLET,US/Central,45.0236111,-95.7902778,ft,United States,MN,Chippewa,MVP,True,"[{'name': 'Agency Aliases-NIDID', 'value': 'MN00578-TainterGate'}, {'name': 'Agency Aliases-NWS Handbook 5 ID', 'value': 'WTSM5-TainterGate'}, {'name': 'Agency Aliases-USGS Station Number', 'value': '05304995-TainterGate'}, {'name': 'Agency Aliases-CWMS Legacy Naming', 'value': 'ChippewaDiv_Dam-TainterGate'}, {'name': 'Agency Aliases-CWMS Standard Naming', 'value': 'ChippewaDiv_Dam-TainterGate'}]",,Chippewa Diversion Dam,,0.0,0.0,NAD83,0.0,NGVD29,
MVP,LockDam_05-TainterGate26,Winona,Lock and Dam 05 Tainter Gate 26,OUTLET,US/Central,44.1616,-91.8116,ft,United States,WI,Buffalo,MVP,True,"[{'name': 'Agency Aliases-CWMS Legacy Naming', 'value': 'LockDam_05-TainterGate26'}, {'name': 'Agency Aliases-NIDID', 'value': 'MN00589-TainterGate26'}, {'name': 'Agency Aliases-CWMS Standard Naming', 'value': 'LockDam_05-TainterGate26'}, {'name': 'Agency Aliases-NWS Handbook 5 ID', 'value': 'MSCM5-TainterGate26'}]",Mississippi River Lock and Dam 05 Tainter Gate 26,Mississippi River Lock and Dam 05 Gate,Gate,0.0,0.0,NAD83,599.9999999999999,NAVD88,
MVP,DAWM5S,Marshall,Dawson Snow,SITE,US/Central,44.82,-96.08,m,United States,MN,Lac Qui Parle,MVP,True,"[{'name': 'Agency Aliases-CWMS Legacy Naming', 'value': 'DAWM5S'}, {'name': 'Agency Aliases-CWMS Standard Naming', 'value': 'DAWM5S'}]",Dawson Snow,Dawson Snow,,,,,,,
MVP,LockDam_05-TainterGate28,Winona,Lock and Dam 05 Tainter Gate 28,OUTLET,US/Central,44.1616,-91.8116,ft,United States,WI,Buffalo,MVP,True,"[{'name': 'Agency Aliases-CWMS Legacy Naming', 'value': 'LockDam_05-TainterGate28'}, {'name': 'Agency Aliases-NIDID', 'value': 'MN00589-TainterGate28'}, {'name': 'Agency Aliases-CWMS Standard Naming', 'value': 'LockDam_05-TainterGate28'}, {'name': 'Agency Aliases-NWS Handbook 5 ID', 'value': 'MSCM5-TainterGate28'}]",Mississippi River Lock and Dam 05 Tainter Gate 28,Mississippi River Lock and Dam 05 Gate,Gate,0.0,0.0,NAD83,599.9999999999999,NAVD88,
MVP,ELZM5,Elizabeth,Otter Tail River abv Elizabeth,SITE,US/Central,46.369444444444,-96.017222222222,m,United States,MN,Otter Tail,MVP,True,"[{'name': 'Agency Aliases-USGS Station Number', 'value': '05030500'}, {'name': 'Agency Aliases-NWS Handbook 5 ID', 'value': 'ELZM5'}, {'name': 'Agency Aliases-CWMS Standard Naming', 'value': 'ELZM5'}, {'name': 'Agency Aliases-CWMS Legacy Naming', 'value': 'ELZM5'}]","Otter Tail River near Elizabeth, MN",,DCP Gage,,,NAD83,381.0,LOCAL,"Otter Tail River near Elizabeth, MN"
MVP,LockDam_05-RollerGates,Winona,Lock and Dam 05 Roller Gates,SITE,US/Central,44.1616,-91.8116,m,United States,WI,Buffalo,MVP,True,"[{'name': 'Agency Aliases-NWS Handbook 5 ID', 'value': 'MSCM5-RollerGates'}, {'name': 'Agency Aliases-NIDID', 'value': 'MN00589-RollerGates'}, {'name': 'Agency Aliases-CWMS Standard Naming', 'value': 'LockDam_05-RollerGates'}, {'name': 'Agency Aliases-CWMS Legacy Naming', 'value': 'LockDam_05-RollerGates'}]",Mississippi River Lock and Dam 05 Roller Gates,Mississippi River Lock and Dam 05 Roller Gates,Gate,0.0,0.0,NAD83,182.88,NAVD88,
MVP,MissHW_PineRiver-SlideGate03,Brainerd,Pine River Dam Slide Gate 03,OUTLET,US/Central,46.6683,-94.1116,m,United States,MN,Crow Wing,MVP,True,"[{'name': 'Agency Aliases-CWMS Legacy Naming', 'value': 'MissHW_PineRiver-SlideGate03'}, {'name': 'Agency Aliases-CWMS Standard Naming', 'value': 'MissHW_PineRiver-SlideGate03'}, {'name': 'Agency Aliases-NIDID', 'value': 'MN00582-SlideGate03'}, {'name': 'Agency Aliases-NWS Handbook 5 ID', 'value': 'CRLM5-SlideGate03'}]",,Pine River Dam at Cross Lake,,,,NAD83,365.76,NGVD29,
MVP,TraverseWR_Dam-Lake,Fergus Falls,White Rock Dam Lake Gage,SITE,US/Central,45.8616,-96.5716,ft,United States,MN,Traverse,MVP,True,"[{'name': 'Agency Aliases-CWMS Legacy Naming', 'value': 'TraverseWR_Dam-Lake'}, {'name': 'Agency Aliases-USGS Station Number', 'value': '05049995-Lake'}, {'name': 'Agency Aliases-NWS Handbook 5 ID', 'value': 'WHRM5-Lake'}, {'name': 'Agency Aliases-NIDID', 'value': 'MN00577-Lake'}, {'name': 'Agency Aliases-CWMS Standard Naming', 'value': 'TraverseWR_Dam-Lake'}]",White Rock Dam Lake Gage,White Rock Dam Lake Gage,,0.0,0.0,NAD83,899.9999999999999,LOCAL,
MVP,MissHW_PineRiver-SlideGate01,Brainerd,Pine River Dam Slide Gate 01,OUTLET,US/Central,46.6683,-94.1116,m,United States,MN,Crow Wing,MVP,True,"[{'name': 'Agency Aliases-CWMS Legacy Naming', 'value': 'MissHW_PineRiver-SlideGate01'}, {'name': 'Agency Aliases-NWS Handbook 5 ID', 'value': 'CRLM5-SlideGate01'}, {'name': 'Agency Aliases-CWMS Standard Naming', 'value': 'MissHW_PineRiver-SlideGate01'}, {'name': 'Agency Aliases-NIDID', 'value': 'MN00582-SlideGate01'}]",,Pine River Dam at Cross Lake,,,,NAD83,365.76,NGVD29,
MVP,TraverseWR_Dam-TainterGate02,Fergus Falls,White Rock Dam Tainter Gate 02,OUTLET,US/Central,45.8616,-96.5716,m,United States,MN,Traverse,MVP,True,"[{'name': 'Agency Aliases-CWMS Legacy Naming', 'value': 'TraverseWR_Dam-TainterGate02'}, {'name': 'Agency Aliases-NWS Handbook 5 ID', 'value': 'WHRM5-TainterGate02'}, {'name': 'Agency Aliases-NIDID', 'value': 'MN00577-TainterGate02'}, {'name': 'Agency Aliases-CWMS Standard Naming', 'value': 'TraverseWR_Dam-TainterGate02'}, {'name': 'Agency Aliases-USGS Station Number', 'value': '05049995-TainterGate02'}]",,White Rock Dam Tainter Gate,,,,NAD83,274.32,LOCAL,
MVP,LockDam_02-TainterGate01,Hastings,Lock and Dam 02 Tainter Gate 01,OUTLET,US/Central,44.7599,-92.8683,m,United States,MN,Dakota,MVP,True,"[{'name': 'Agency Aliases-NIDID', 'value': 'MN00594-TainterGate01'}, {'name': 'Agency Aliases-NWS Handbook 5 ID', 'value': 'HSTM5-TainterGate01'}, {'name': 'Agency Aliases-CWMS Legacy Naming', 'value': 'LockDam_02-TainterGate01'}, {'name': 'Agency Aliases-CWMS Standard Naming', 'value': 'LockDam_02-TainterGate01'}]",,Mississippi River Lock and Dam 02,,0.0,0.0,NAD83,182.88,NAVD88,
MVP,LockDam_05a-RollerGate02,Winona,Lock and Dam 05a Roller Gate 02,OUTLET,US/Central,44.0883,-91.6699,m,United States,WI,Buffalo,MVP,True,"[{'name': 'Agency Aliases-CWMS Legacy Naming', 'value': 'LockDam_05a-RollerGate02'}, {'name': 'Agency Aliases-NWS Handbook 5 ID', 'value': 'WIDM5-RollerGate02'}, {'name': 'Agency Aliases-CWMS Standard Naming', 'value': 'LockDam_05a-RollerGate02'}, {'name': 'Agency Aliases-NIDID', 'value': 'MN00588-RollerGate02'}]",Mississippi River Lock and Dam 05a Roller Gate 02,Mississippi River Lock and Dam 05a Gate,Gate,0.0,0.0,NAD83,182.88,NAVD88,
MVP,Baldhill_Dam-LowFlow02,Valley City,Baldhill Dam Low Flow Gate 02,OUTLET,US/Central,47.0358647,-98.0810972,ft,United States,ND,Barnes,MVP,True,"[{'name': 'Agency Aliases-USGS Station Number', 'value': '05057500-LowFlow02'}, {'name': 'Agency Aliases-NWS Handbook 5 ID', 'value': 'BLDN8-LowFlow02'}, {'name': 'Agency Aliases-CWMS Standard Naming', 'value': 'Baldhill_Dam-LowFlow02'}, {'name': 'Agency Aliases-NIDID', 'value': 'ND00309-LowFlow02'}, {'name': 'Agency Aliases-CWMS Legacy Naming', 'value': 'Baldhill_Dam-LowFlow02'}]",Baldhill Dam Low Flow Gate 01,Baldhill Dam Low Flow Gate,,,,NAD83,1199.9999999999998,NGVD29,
MVP,LockDam_05-TainterGate12,Winona,Lock and Dam 05 Tainter Gate 12,OUTLET,US/Central,44.1616,-91.8116,ft,United States,WI,Buffalo,MVP,True,"[{'name': 'Agency Aliases-NIDID', 'value': 'MN00589-TainterGate12'}, {'name': 'Agency Aliases-NWS Handbook 5 ID', 'value': 'MSCM5-TainterGate12'}, {'name': 'Agency Aliases-CWMS Standard Naming', 'value': 'LockDam_05-TainterGate12'}, {'name': 'Agency Aliases-CWMS Legacy Naming', 'value': 'LockDam_05-TainterGate12'}]",Mississippi River Lock and Dam 05 Tainter Gate 12,Mississippi River Lock and Dam 05 Gate,Gate,0.0,0.0,NAD83,599.9999999999999,NAVD88,
MVP,ChippewaDiv_Dam-Tailwater,Watson,Chippewa Diversion Dam Tailwater,SITE,US/Central,45.0236111,-95.7902778,ft,United States,MN,Chippewa,MVP,True,"[{'name': 'Agency Aliases-USGS Station Number', 'value': '05304995-Tailwater'}, {'name': 'Agency Aliases-NWS Handbook 5 ID', 'value': 'WTSM5-Tailwater'}, {'name': 'Agency Aliases-NIDID', 'value': 'MN00578-Tailwater'}, {'name': 'Agency Aliases-CWMS Standard Naming', 'value': 'ChippewaDiv_Dam-Tailwater'}, {'name': 'Agency Aliases-CWMS Legacy Naming', 'value': 'ChippewaDiv_Dam-Tailwater'}, {'name': 'Agency Aliases-USGS Station Number', 'value': '05305000'}]",,Chippewa Diversion Dam,,0.0,0.0,NAD83,0.0,NGVD29,
MVP,LockDam_05-TainterGate14,Winona,Lock and Dam 05 Tainter Gate 14,OUTLET,US/Central,44.1616,-91.8116,ft,United States,WI,Buffalo,MVP,True,"[{'name': 'Agency Aliases-NWS Handbook 5 ID', 'value': 'MSCM5-TainterGate14'}, {'name': 'Agency Aliases-NIDID', 'value': 'MN00589-TainterGate14'}, {'name': 'Agency Aliases-CWMS Legacy Naming', 'value': 'LockDam_05-TainterGate14'}, {'name': 'Agency Aliases-CWMS Standard Naming', 'value': 'LockDam_05-TainterGate14'}]",Mississippi River Lock and Dam 05 Tainter Gate 14,Mississippi River Lock and Dam 05 Gate,Gate,0.0,0.0,NAD83,599.9999999999999,NAVD88,
MVP,TraverseWR_Dam,Wheaton,White Rock Dam at Mud Lake Reservoir,PROJECT,US/Central,45.8616,-96.5716,m,United States,MN,Traverse,MVP,True,"[{'name': 'Agency Aliases-NWS Handbook 5 ID', 'value': 'WHRM5'}, {'name': 'Agency Aliases-CWMS Legacy Naming', 'value': 'TraverseWR_Dam'}, {'name': 'Agency Aliases-CWMS Standard Naming', 'value': 'TraverseWR_Dam'}, {'name': 'Agency Aliases-USGS Station Number', 'value': '05049995'}, {'name': 'Agency Aliases-NIDID', 'value': 'MN00577'}]",White Rock Dam at Mud Lake Reservoir at Lake Traverse Project,White Rock Dam at Mud Lake Reservoir,Dam,,,NAD83,274.32,LOCAL,"USACE Owned, USGS Maintained"
MVP,Cooperstown,Jamestown,"Sheyenne River at Cooperstown, ND",SITE,US/Central,47.4336,-98.0286,m,United States,ND,Griggs,MVP,True,"[{'name': 'Agency Aliases-CWMS Legacy Naming', 'value': 'Cooperstown'}, {'name': 'Agency Aliases-NWS Handbook 5 ID', 'value': 'CPRN8'}, {'name': 'Agency Aliases-USGS Station Number', 'value': '05057000'}, {'name': 'Agency Aliases-CWMS Standard Naming', 'value': 'Cooperstown'}]","Sheyenne River at Cooperstown, ND",,DCP Gage,,,NAD27,387.632448,NGVD29,"USACE Owned, USGS Maintained"
MVP,LockDam_05-TainterGate16,Winona,Lock and Dam 05 Tainter Gate 16,OUTLET,US/Central,44.1616,-91.8116,ft,United States,WI,Buffalo,MVP,True,"[{'name': 'Agency Aliases-CWMS Legacy Naming', 'value': 'LockDam_05-TainterGate16'}, {'name': 'Agency Aliases-NIDID', 'value': 'MN00589-TainterGate16'}, {'name': 'Agency Aliases-CWMS Standard Naming', 'value': 'LockDam_05-TainterGate16'}, {'name': 'Agency Aliases-NWS Handbook 5 ID', 'value': 'MSCM5-TainterGate16'}]",Mississippi River Lock and Dam 05 Tainter Gate 16,Mississippi River Lock and Dam 05 Gate,Gate,0.0,0.0,NAD83,599.9999999999999,NAVD88,
MVP,MOOM5S,Cloquet,Moose Lake Snow,SITE,US/Central,46.43639,-92.70611,m,United States,MN,Kanabec,MVP,True,"[{'name': 'Agency Aliases-CWMS Standard Naming', 'value': 'MOOM5S'}, {'name': 'Agency Aliases-CWMS Legacy Naming', 'value': 'MOOM5S'}]",Moose Lake Snow,Moose Lake Snow,,,,,,,
MVP,ChippewaDiv_Dam,Watson,Chippewa Diversion Dam,PROJECT,US/Central,45.022025,-95.791308333333,m,United States,MN,Chippewa,MVP,True,"[{'name': 'Agency Aliases-NWS Handbook 5 ID', 'value': 'WTSM5'}, {'name': 'Agency Aliases-USGS Station Number', 'value': '05304995'}, {'name': 'Agency Aliases-CWMS Standard Naming', 'value': 'ChippewaDiv_Dam'}, {'name': 'Agency Aliases-CWMS Legacy Naming', 'value': 'ChippewaDiv_Dam'}, {'name': 'Agency Aliases-NIDID', 'value': 'MN00578'}]",,Chippewa Diversion Dam,Dam,0.0,0.0,NAD83,0.0,NGVD29,"USACE Owned, USGS Maintained"
MVP,LockDam_05-TainterGate18,Winona,Lock and Dam 05 Tainter Gate 18,OUTLET,US/Central,44.1616,-91.8116,m,United States,WI,Buffalo,MVP,True,"[{'name': 'Agency Aliases-NIDID', 'value': 'MN00589-TainterGate18'}, {'name': 'Agency Aliases-NWS Handbook 5 ID', 'value': 'MSCM5-TainterGate18'}, {'name': 'Agency Aliases-CWMS Standard Naming', 'value': 'LockDam_05-TainterGate18'}, {'name': 'Agency Aliases-CWMS Legacy Naming', 'value': 'LockDam_05-TainterGate18'}]",Mississippi River Lock and Dam 05 Tainter Gate 18,Mississippi River Lock and Dam 05 Gate,Gate,0.0,0.0,NAD83,182.88,NAVD88,
MVP,Muscoda,Middleton,"Wisconsin River at Muscoda, WI",SITE,US/Central,43.1983,-90.4406,m,United States,WI,Grant,MVP,True,"[{'name': 'Agency Aliases-USGS Station Number', 'value': '05407000'}, {'name': 'Agency Aliases-CWMS Standard Naming', 'value': 'MUSW3'}, {'name': 'Agency Aliases-CWMS Legacy Naming', 'value': 'MUSW3'}, {'name': 'Agency Aliases-NWS Handbook 5 ID', 'value': 'MUSW3'}]","Wisconsin River at Muscoda, WI","Wisconsin River at Muscoda, WI",DCP Gage,,,NAD83,203.231496,LOCAL,
MVP,LockDam_05-Tailwater,Winona,Lock and Dam 5 Tailwater,SITE,US/Central,44.158307,-91.808447,m,United States,WI,Buffalo,MVP,True,"[{'name': 'Agency Aliases-CWMS Standard Naming', 'value': 'LockDam_05-Tailwater'}, {'name': 'Agency Aliases-NIDID', 'value': 'MN00589-Tailwater'}, {'name': 'Agency Aliases-CWMS Legacy Naming', 'value': 'LockDam_05-Tailwater'}, {'name': 'Agency Aliases-NWS Handbook 5 ID', 'value': 'MSCM5-Tailwater'}]",Mississippi River Lock and Dam 05 Tailwater,Mississippi River Lock and Dam 05 Tailwater,,0.0,0.0,NAD83,0.0,NAVD88,
MVP,MissHW_Gull-SlideGate04,Brainerd,Gull Slide Gate 04,OUTLET,US/Central,46.4116,-94.3533,ft,United States,MN,Cass,MVP,True,"[{'name': 'Agency Aliases-NWS Handbook 5 ID', 'value': 'GLLM5-SlideGate04'}, {'name': 'Agency Aliases-CWMS Legacy Naming', 'value': 'MissHW_Gull-SlideGate04'}, {'name': 'Agency Aliases-CWMS Standard Naming', 'value': 'MissHW_Gull-SlideGate04'}, {'name': 'Agency Aliases-NIDID', 'value': 'MN00596-SlideGate04'}]",,Gull Lake Dam,,,,NAD83,1099.9999999999998,NGVD29,
MVP,MissHW_Gull-SlideGate02,Brainerd,Gull Slide Gate 02,OUTLET,US/Central,46.4116,-94.3533,m,United States,MN,Cass,MVP,True,"[{'name': 'Agency Aliases-NWS Handbook 5 ID', 'value': 'GLLM5-SlideGate02'}, {'name': 'Agency Aliases-CWMS Standard Naming', 'value': 'MissHW_Gull-SlideGate02'}, {'name': 'Agency Aliases-CWMS Legacy Naming', 'value': 'MissHW_Gull-SlideGate02'}, {'name': 'Agency Aliases-NIDID', 'value': 'MN00596-SlideGate02'}]",,Gull Lake Dam,,0.0,,NAD83,0.0,NGVD29,
MVP,Baldhill_Dam-EmergencySpillway,Jamestown,Baldhill Dam Emergency Spillway,SITE,US/Central,47.0346415,-98.0788482,ft,United States,ND,Barnes,MVP,True,"[{'name': 'Agency Aliases-NWS Handbook 5 ID', 'value': 'BLDN8-EmergencySpillway'}, {'name': 'Agency Aliases-NIDID', 'value': 'ND00309-EmergencySpillway'}, {'name': 'Agency Aliases-USGS Station Number', 'value': '05057500-EmergencySpillway'}, {'name': 'Agency Aliases-CWMS Legacy Naming', 'value': 'Baldhill_Dam-EmergencySpillway'}, {'name': 'Agency Aliases-CWMS Standard Naming', 'value': 'Baldhill_Dam-EmergencySpillway'}]",,Baldhill Dam Emergency Spillway,,,,NAD83,0.0,NGVD29,
MVP,MissHW_Gull-StopLog01,Brainerd,Gull Stop Log 01,OUTLET,US/Central,46.4116,-94.3533,m,United States,MN,Cass,MVP,True,"[{'name': 'Agency Aliases-NWS Handbook 5 ID', 'value': 'GLLM5-StopLog01'}, {'name': 'Agency Aliases-CWMS Standard Naming', 'value': 'MissHW_Gull-StopLog01'}, {'name': 'Agency Aliases-CWMS Legacy Naming', 'value': 'MissHW_Gull-StopLog01'}, {'name': 'Agency Aliases-NIDID', 'value': 'MN00596-StopLog01'}]",,Gull Lake Dam,,,,NAD83,335.28,NGVD29,
MVP,LockDam_05-TainterGate20,Winona,Lock and Dam 05 Tainter Gate 20,OUTLET,US/Central,44.1616,-91.8116,ft,United States,WI,Buffalo,MVP,True,"[{'name': 'Agency Aliases-CWMS Standard Naming', 'value': 'LockDam_05-TainterGate20'}, {'name': 'Agency Aliases-NWS Handbook 5 ID', 'value': 'MSCM5-TainterGate20'}, {'name': 'Agency Aliases-CWMS Legacy Naming', 'value': 'LockDam_05-TainterGate20'}, {'name': 'Agency Aliases-NIDID', 'value': 'MN00589-TainterGate20'}]",Mississippi River Lock and Dam 05 Tainter Gate 20,Mississippi River Lock and Dam 05 Gate,Gate,0.0,0.0,NAD83,599.9999999999999,NAVD88,
MVP,LockDam_02-Spillway,Hastings,Lock and Dam 02 Spillway,SITE,US/Central,44.7599,-92.8683,ft,United States,MN,Dakota,MVP,True,"[{'name': 'Agency Aliases-NIDID', 'value': 'MN00594-Spillway'}, {'name': 'Agency Aliases-CWMS Legacy Naming', 'value': 'LockDam_02-Spillway'}, {'name': 'Agency Aliases-CWMS Standard Naming', 'value': 'LockDam_02-Spillway'}, {'name': 'Agency Aliases-NWS Handbook 5 ID', 'value': 'HSTM5-Spillway'}]",,Mississippi River Lock and Dam 02,,0.0,0.0,NAD83,599.9999999999999,NAVD88,
MVP,LockDam_05-TainterGate22,Winona,Lock and Dam 05 Tainter Gate 22,OUTLET,US/Central,44.1616,-91.8116,ft,United States,WI,Buffalo,MVP,True,"[{'name': 'Agency Aliases-NIDID', 'value': 'MN00589-TainterGate22'}, {'name': 'Agency Aliases-NWS Handbook 5 ID', 'value': 'MSCM5-TainterGate22'}, {'name': 'Agency Aliases-CWMS Legacy Naming', 'value': 'LockDam_05-TainterGate22'}, {'name': 'Agency Aliases-CWMS Standard Naming', 'value': 'LockDam_05-TainterGate22'}]",Mississippi River Lock and Dam 05 Tainter Gate 22,Mississippi River Lock and Dam 05 Gate,Gate,0.0,0.0,NAD83,599.9999999999999,NAVD88,
MVP,NWUM5,New Ulm,Cottonwood River at New Ulm,SITE,US/Central,44.2914,-94.44,m,United States,MN,Brown,MVP,True,"[{'name': 'Agency Aliases-CWMS Legacy Naming', 'value': 'NWUM5'}, {'name': 'Agency Aliases-NWS Handbook 5 ID', 'value': 'NWUM5'}, {'name': 'Agency Aliases-USGS Station Number', 'value': '05317000'}, {'name': 'Agency Aliases-CWMS Standard Naming', 'value': 'NWUM5'}]",Cottonwood River at New Ulm. MN,,DCP Gage,,,,242.87378400000003,LOCAL,
MVP,NWUM5S,New Ulm,New Ulm Snow,SITE,US/Central,44.32111,-94.43889,m,United States,MN,Brown,MVP,True,"[{'name': 'Agency Aliases-CWMS Standard Naming', 'value': 'NWUM5S'}, {'name': 'Agency Aliases-CWMS Legacy Naming', 'value': 'NWUM5S'}]",New Ulm Snow,New Ulm Snow,,,,,,,
MVP,LockDam_02-TainterGate12,Hastings,Lock and Dam 02 Tainter Gate 12,OUTLET,US/Central,44.7599,-92.8683,m,United States,MN,Dakota,MVP,True,"[{'name': 'Agency Aliases-NIDID', 'value': 'MN00594-TainterGate12'}, {'name': 'Agency Aliases-NWS Handbook 5 ID', 'value': 'HSTM5-TainterGate12'}, {'name': 'Agency Aliases-CWMS Legacy Naming', 'value': 'LockDam_02-TainterGate12'}, {'name': 'Agency Aliases-CWMS Standard Naming', 'value': 'LockDam_02-TainterGate12'}]",,Mississippi River Lock and Dam 02,,0.0,0.0,NAD83,182.88,NAVD88,
MVP,TraverseWR_Dam-Tailwater,Fergus Falls,White Rock Dam Tailwater,SITE,US/Central,45.8616,-96.5716,ft,United States,MN,Traverse,MVP,True,"[{'name': 'Agency Aliases-USGS Station Number', 'value': '05050000'}, {'name': 'Agency Aliases-NWS Handbook 5 ID', 'value': 'WHRM5-Tailwater'}, {'name': 'Agency Aliases-NIDID', 'value': 'MN00577-Tailwater'}, {'name': 'Agency Aliases-CWMS Legacy Naming', 'value': 'TraverseWR_Dam-Tailwater'}, {'name': 'Agency Aliases-CWMS Standard Naming', 'value': 'TraverseWR_Dam-Tailwater'}, {'name': 'Agency Aliases-USGS Station Number', 'value': '05049995-Tailwater'}]",White Rock Dam Tailwater,White Rock Dam Tailwater,,,,NAD83,899.9999999999999,LOCAL,
MVP,LockDam_02-TainterGate14,Hastings,Lock and Dam 02 Tainter Gate 14,OUTLET,US/Central,44.7599,-92.8683,m,United States,MN,Dakota,MVP,True,"[{'name': 'Agency Aliases-CWMS Legacy Naming', 'value': 'LockDam_02-TainterGate14'}, {'name': 'Agency Aliases-NIDID', 'value': 'MN00594-TainterGate14'}, {'name': 'Agency Aliases-NWS Handbook 5 ID', 'value': 'HSTM5-TainterGate14'}, {'name': 'Agency Aliases-CWMS Standard Naming', 'value': 'LockDam_02-TainterGate14'}]",,Mississippi River Lock and Dam 02,,0.0,0.0,NAD83,182.88,NAVD88,
MVP,AGYM5,Argyle,Middle River at Argyle,SITE,US/Central,48.340277777778,-96.816111111111,ft,United States,MN,Marshall,MVP,True,"[{'name': 'Agency Aliases-CWMS Standard Naming', 'value': 'AGYM5'}, {'name': 'Agency Aliases-NWS Handbook 5 ID', 'value': 'AGYM5'}, {'name': 'Agency Aliases-CWMS Legacy Naming', 'value': 'AGYM5'}, {'name': 'Agency Aliases-USGS Station Number', 'value': '05087500'}]","Middle River at Argyle, MN",,DCP Gage,,,NAD83,828.5299999999999,LOCAL,"Middle River at Argyle, MN"
MVP,LockDam_02-TainterGate16,Hastings,Lock and Dam 02 Tainter Gate 16,OUTLET,US/Central,44.7599,-92.8683,ft,United States,MN,Dakota,MVP,True,"[{'name': 'Agency Aliases-NIDID', 'value': 'MN00594-TainterGate16'}, {'name': 'Agency Aliases-CWMS Legacy Naming', 'value': 'LockDam_02-TainterGate16'}, {'name': 'Agency Aliases-CWMS Standard Naming', 'value': 'LockDam_02-TainterGate16'}, {'name': 'Agency Aliases-NWS Handbook 5 ID', 'value': 'HSTM5-TainterGate16'}]",,Mississippi River Lock and Dam 02,,0.0,0.0,NAD83,599.9999999999999,NAVD88,
MVP,LockDam_02-TainterGate18,Hastings,Lock and Dam 02 Tainter Gate 18,OUTLET,US/Central,44.7599,-92.8683,ft,United States,MN,Dakota,MVP,True,"[{'name': 'Agency Aliases-CWMS Legacy Naming', 'value': 'LockDam_02-TainterGate18'}, {'name': 'Agency Aliases-CWMS Standard Naming', 'value': 'LockDam_02-TainterGate18'}, {'name': 'Agency Aliases-NIDID', 'value': 'MN00594-TainterGate18'}, {'name': 'Agency Aliases-NWS Handbook 5 ID', 'value': 'HSTM5-TainterGate18'}]",,Mississippi River Lock and Dam 02,,0.0,0.0,NAD83,599.9999999999999,NAVD88,
MVP,LockDam_05-CP_Alma,Winona,Lock and Dam 05 Control Point,SITE,US/Central,44.1616,-91.8116,ft,United States,WI,Buffalo,MVP,True,"[{'name': 'Agency Aliases-NIDID', 'value': 'MN00589-CP_Alma'}, {'name': 'Agency Aliases-CWMS Standard Naming', 'value': 'LockDam_05-CP_Alma'}, {'name': 'Agency Aliases-CWMS Legacy Naming', 'value': 'LockDam_05-CP_Alma'}, {'name': 'Agency Aliases-NWS Handbook 5 ID', 'value': 'MSCM5-CP_Alma'}]",,Mississippi River Lock and Dam 05,,0.0,0.0,NAD83,599.9999999999999,NAVD88,
MVP,LFKM5,Hibbing,Little Fork River at Little Fk,SITE,US/Central,48.3958,-93.5492,ft,United States,MN,Koochiching,MVP,True,"[{'name': 'Agency Aliases-CWMS Standard Naming', 'value': 'LFKM5'}, {'name': 'Agency Aliases-NWS Handbook 5 ID', 'value': 'LFKM5'}, {'name': 'Agency Aliases-USGS Station Number', 'value': '05131500'}, {'name': 'Agency Aliases-CWMS Legacy Naming', 'value': 'LFKM5'}]","Little Fork River at Little Fork, MN",,DCP Gage,,,,1083.59,LOCAL,
MVP,LockDam_05a-Spillway,Winona,Lock and Dam 05a Spillway,SITE,US/Central,44.0883,-91.6699,m,United States,WI,Buffalo,MVP,True,"[{'name': 'Agency Aliases-CWMS Standard Naming', 'value': 'LockDam_05a-Spillway'}, {'name': 'Agency Aliases-NIDID', 'value': 'MN00588-Spillway'}, {'name': 'Agency Aliases-NWS Handbook 5 ID', 'value': 'WIDM5-Spillway'}, {'name': 'Agency Aliases-CWMS Legacy Naming', 'value': 'LockDam_05a-Spillway'}]",,Mississippi River Lock and Dam 05a,,0.0,0.0,NAD83,182.88,NAVD88,
MVP,LockDam_05-TainterGate08,Winona,Lock and Dam 05 Tainter Gate 08,OUTLET,US/Central,44.1616,-91.8116,ft,United States,WI,Buffalo,MVP,True,"[{'name': 'Agency Aliases-NIDID', 'value': 'MN00589-TainterGate08'}, {'name': 'Agency Aliases-NWS Handbook 5 ID', 'value': 'MSCM5-TainterGate08'}, {'name': 'Agency Aliases-CWMS Legacy Naming', 'value': 'LockDam_05-TainterGate08'}, {'name': 'Agency Aliases-CWMS Standard Naming', 'value': 'LockDam_05-TainterGate08'}]",Mississippi River Lock and Dam 05 Tainter Gate 08,Mississippi River Lock and Dam 05 Gate,Gate,0.0,0.0,NAD83,599.9999999999999,NAVD88,
MVP,LockDam_05-TainterGate10,Winona,Lock and Dam 05 Tainter Gate 10,OUTLET,US/Central,44.1616,-91.8116,ft,United States,WI,Buffalo,MVP,True,"[{'name': 'Agency Aliases-NWS Handbook 5 ID', 'value': 'MSCM5-TainterGate10'}, {'name': 'Agency Aliases-CWMS Standard Naming', 'value': 'LockDam_05-TainterGate10'}, {'name': 'Agency Aliases-CWMS Legacy Naming', 'value': 'LockDam_05-TainterGate10'}, {'name': 'Agency Aliases-NIDID', 'value': 'MN00589-TainterGate10'}]",Mississippi River Lock and Dam 05 Tainter Gate 10,Mississippi River Lock and Dam 05 Gate,Gate,0.0,0.0,NAD83,599.9999999999999,NAVD88,
MVP,Baldhill_Dam-TainterGate01,Jamestown,Baldhill Dam Tainter Gate 01,OUTLET,US/Central,47.0361844,-98.081466,ft,United States,ND,Barnes,MVP,True,"[{'name': 'Agency Aliases-NWS Handbook 5 ID', 'value': 'BLDN8-TainterGate01'}, {'name': 'Agency Aliases-CWMS Standard Naming', 'value': 'Baldhill_Dam-TainterGate01'}, {'name': 'Agency Aliases-CWMS Legacy Naming', 'value': 'Baldhill_Dam-TainterGate01'}, {'name': 'Agency Aliases-USGS Station Number', 'value': '05057500-TainterGate01'}, {'name': 'Agency Aliases-NIDID', 'value': 'ND00309-TainterGate01'}]",,Baldhill Dam,,,,NAD83,0.0,NGVD29,
MVP,ABRN8,Abercrombie,Wild Rice River at Abercrombie,STREAM_LOCATION,US/Central,46.4680556,-96.7833333,ft,United States,ND,Richland,MVP,True,"[{'name': 'Agency Aliases-CWMS Standard Naming', 'value': 'ABRN8'}, {'name': 'Agency Aliases-CWMS Legacy Naming', 'value': 'ABRN8'}, {'name': 'Agency Aliases-USGS Station Number', 'value': '05053000'}, {'name': 'Agency Aliases-NWS Handbook 5 ID', 'value': 'ABRN8'}]","Wild Rice River near Abercrombie, ND",,,,,NAD83,907.9399999999999,,"Wild Rice River near Abercrombie, ND"
MVP,Baldhill_Dam-LowFlow01,Valley City,Baldhill Dam Low Flow Gate 01,OUTLET,US/Central,47.0359542,-98.0812555,m,United States,ND,Barnes,MVP,True,"[{'name': 'Agency Aliases-NWS Handbook 5 ID', 'value': 'BLDN8-LowFlow01'}, {'name': 'Agency Aliases-USGS Station Number', 'value': '05057500-LowFlow01'}, {'name': 'Agency Aliases-CWMS Standard Naming', 'value': 'Baldhill_Dam-LowFlow01'}, {'name': 'Agency Aliases-CWMS Legacy Naming', 'value': 'Baldhill_Dam-LowFlow01'}, {'name': 'Agency Aliases-NIDID', 'value': 'ND00309-LowFlow01'}]",Baldhill Dam Low Flow Gate 01,Baldhill Dam Low Flow Gate 01,,,,NAD83,365.76,NGVD29,
MVP,LockDam_02-Tailwater,Hastings,Lock and Dam 2 Tailwater,SITE,US/Central,44.757049,-92.866069,m,United States,MN,Dakota,MVP,True,"[{'name': 'Agency Aliases-CWMS Legacy Naming', 'value': 'LockDam_02-Tailwater'}, {'name': 'Agency Aliases-NIDID', 'value': 'MN00594-Tailwater'}, {'name': 'Agency Aliases-NWS Handbook 5 ID', 'value': 'HSTM5-Tailwater'}, {'name': 'Agency Aliases-CWMS Standard Naming', 'value': 'LockDam_02-Tailwater'}]",Mississippi River Lock and Dam 02 Tailwater,Mississippi River Lock and Dam 02 Tailwater,,0.0,0.0,NAD83,182.88,NAVD88,
MVP,Baldhill_Dam-TainterGate03,Jamestown,Baldhill Dam Tainter Gate 03,OUTLET,US/Central,47.0361844,-98.081466,ft,United States,ND,Barnes,MVP,True,"[{'name': 'Agency Aliases-NWS Handbook 5 ID', 'value': 'BLDN8-TainterGate03'}, {'name': 'Agency Aliases-NIDID', 'value': 'ND00309-TainterGate03'}, {'name': 'Agency Aliases-CWMS Standard Naming', 'value': 'Baldhill_Dam-TainterGate03'}, {'name': 'Agency Aliases-USGS Station Number', 'value': '05057500-TainterGate03'}, {'name': 'Agency Aliases-CWMS Legacy Naming', 'value': 'Baldhill_Dam-TainterGate03'}]",,Baldhill Dam,,,,NAD83,0.0,NGVD29,
MVP,Highway75_Dam-ServiceSpillway,Watertown,Highway 75 Dam Service Spillway,SITE,US/Central,45.226761111111,-96.290252777778,ft,United States,MN,Lac Qui Parle,MVP,True,"[{'name': 'RFC CHPS Aliases-Locations', 'value': 'ODAM5_CHPS-ServiceSpillway'}, {'name': 'Agency Aliases-NWS Handbook 5 ID', 'value': 'ODEM5'}, {'name': 'Agency Aliases-NIDID', 'value': 'MN00581-ServiceSpillway'}, {'name': 'Agency Aliases-CWMS Standard Naming', 'value': 'Highway75_Dam-ServiceSpillway'}, {'name': 'Agency Aliases-CWMS Legacy Naming', 'value': 'Highway75_Dam-ServiceSpillway'}]",,Highway 75 Dam,,0.0,0.0,NAD83,0.0,NGVD29,
MVP,LockDam_10-CP_Clayton,Dubuque,Lock and Dam 10 Control Point,SITE,US/Central,42.785,-91.095,ft,United States,IA,Clayton,MVP,True,"[{'name': 'Agency Aliases-CWMS Standard Naming', 'value': 'LockDam_10-CP_Clayton'}, {'name': 'Agency Aliases-NWS Handbook 5 ID', 'value': 'GTTI4-CP_Clayton'}, {'name': 'Agency Aliases-CWMS Legacy Naming', 'value': 'LockDam_10-CP_Clayton'}, {'name': 'Agency Aliases-NIDID', 'value': 'IA04014-CP_Clayton'}]",,Mississippi River Lock and Dam 10,,0.0,0.0,NAD83,599.9999999999999,NAVD88,
MVP,LockDam_02-TainterGate02,Hastings,Lock and Dam 02 Tainter Gate 02,OUTLET,US/Central,44.7599,-92.8683,m,United States,MN,Dakota,MVP,True,"[{'name': 'Agency Aliases-CWMS Legacy Naming', 'value': 'LockDam_02-TainterGate02'}, {'name': 'Agency Aliases-NIDID', 'value': 'MN00594-TainterGate02'}, {'name': 'Agency Aliases-NWS Handbook 5 ID', 'value': 'HSTM5-TainterGate02'}, {'name': 'Agency Aliases-CWMS Standard Naming', 'value': 'LockDam_02-TainterGate02'}]",,Mississippi River Lock and Dam 02,,0.0,0.0,NAD83,182.88,NAVD88,
MVP,LockDam_02-Turbine02,Hastings,Lock and Dam 02 Turbine 02,TURBINE,US/Central,44.7599,-92.8683,m,United States,MN,Dakota,MVP,True,"[{'name': 'Agency Aliases-NWS Handbook 5 ID', 'value': 'HSTM5-Turbine02'}, {'name': 'Agency Aliases-NIDID', 'value': 'MN00594-Turbine02'}, {'name': 'Agency Aliases-CWMS Legacy Naming', 'value': 'LockDam_02-Turbine02'}, {'name': 'Agency Aliases-CWMS Standard Naming', 'value': 'LockDam_02-Turbine02'}]",,Mississippi River Lock and Dam 02 Turbine 02,,0.0,0.0,NAD83,182.88,NAVD88,
MVP,LockDam_05a-CrookedSlough,Winona,Crooked Slough near Lock5a,SITE,US/Central,44.0883,-91.6699,m,United States,WI,Buffalo,MVP,True,"[{'name': 'Agency Aliases-NWS Handbook 5 ID', 'value': 'WIDM5-CrookedSlough'}, {'name': 'Agency Aliases-NIDID', 'value': 'MN00588-CrookedSlough'}, {'name': 'Agency Aliases-CWMS Legacy Naming', 'value': 'LockDam_05a-CrookedSlough'}, {'name': 'Agency Aliases-CWMS Standard Naming', 'value': 'LockDam_05a-CrookedSlough'}]",,Mississippi River Lock and Dam 05a,,0.0,0.0,NAD83,182.88,NAVD88,
MVP,MissHW_PineRiver-Bays07_08,Brainerd,Pine River Dam Bays 7 & 8 - Slide Gates,SITE,US/Central,46.669117,-94.11283,ft,United States,MN,Crow Wing,MVP,True,"[{'name': 'Agency Aliases-NWS Handbook 5 ID', 'value': 'CRLM5-Bays07_08'}, {'name': 'Agency Aliases-NIDID', 'value': 'MN00582-Bays07_08'}, {'name': 'Agency Aliases-CWMS Legacy Naming', 'value': 'MissHW_PineRiver-Bays07_08'}, {'name': 'Agency Aliases-CWMS Standard Naming', 'value': 'MissHW_PineRiver-Bays07_08'}]",Pine River Dam Bays 7 & 8 - Slide Gates,Pine River Dam at Cross Lake,,-3.4028234663852886e+38,-3.4028234663852886e+38,NAD83,0.0,NGVD29,"Total opening of gates in bays 7, 8"
MVP,MissHW_PineRiver-SlideGate09,Brainerd,Pine River Dam Slide Gate 09,OUTLET,US/Central,46.6683,-94.1116,m,United States,MN,Crow Wing,MVP,True,"[{'name': 'Agency Aliases-NIDID', 'value': 'MN00582-SlideGate09'}, {'name': 'Agency Aliases-CWMS Legacy Naming', 'value': 'MissHW_PineRiver-SlideGate09'}, {'name': 'Agency Aliases-NWS Handbook 5 ID', 'value': 'CRLM5-SlideGate09'}, {'name': 'Agency Aliases-CWMS Standard Naming', 'value': 'MissHW_PineRiver-SlideGate09'}]",,Pine River Dam at Cross Lake,,,,NAD83,365.76,NGVD29,
MVP,LockDam_05a-RollerGate03,Winona,Lock and Dam 05a Roller Gate 03,OUTLET,US/Central,44.0883,-91.6699,ft,United States,WI,Buffalo,MVP,True,"[{'name': 'Agency Aliases-CWMS Legacy Naming', 'value': 'LockDam_05a-RollerGate03'}, {'name': 'Agency Aliases-CWMS Standard Naming', 'value': 'LockDam_05a-RollerGate03'}, {'name': 'Agency Aliases-NWS Handbook 5 ID', 'value': 'WIDM5-RollerGate03'}, {'name': 'Agency Aliases-NIDID', 'value': 'MN00588-RollerGate03'}]",Mississippi River Lock and Dam 05a Roller Gate 03,Mississippi River Lock and Dam 05a Gate,Gate,0.0,0.0,NAD83,599.9999999999999,NAVD88,
MVP,MissHW_PineRiver-Bays03_04,Brainerd,Pine River Dam Bays 3 & 4 - Slide Gates,SITE,US/Central,46.669168,-94.112654,m,United States,MN,Crow Wing,MVP,True,"[{'name': 'Agency Aliases-NWS Handbook 5 ID', 'value': 'CRLM5-Bays03_04'}, {'name': 'Agency Aliases-CWMS Legacy Naming', 'value': 'MissHW_PineRiver-Bays03_04'}, {'name': 'Agency Aliases-CWMS Standard Naming', 'value': 'MissHW_PineRiver-Bays03_04'}, {'name': 'Agency Aliases-NIDID', 'value': 'MN00582-Bays03_04'}]",Pine River Dam Bays 3 & 4 - Slide Gates,Pine River Dam at Cross Lake,,-3.4028234663852886e+38,-3.4028234663852886e+38,NAD83,0.0,NGVD29,"Total opening of gates in bays 3, 4"
MVP,LockDam_05a-RollerGate05,Winona,Lock and Dam 05a Roller Gate 05,OUTLET,US/Central,44.0883,-91.6699,m,United States,WI,Buffalo,MVP,True,"[{'name': 'Agency Aliases-NIDID', 'value': 'MN00588-RollerGate05'}, {'name': 'Agency Aliases-CWMS Legacy Naming', 'value': 'LockDam_05a-RollerGate05'}, {'name': 'Agency Aliases-CWMS Standard Naming', 'value': 'LockDam_05a-RollerGate05'}, {'name': 'Agency Aliases-NWS Handbook 5 ID', 'value': 'WIDM5-RollerGate05'}]",Mississippi River Lock and Dam 05a Roller Gate 05,Mississippi River Lock and Dam 05a Gate,Gate,0.0,0.0,NAD83,182.88,NAVD88,
MVP,LockDam_02-Lock_01,Hastings,Lock and Dam Lock 01,LOCK,US/Central,44.7599,-92.8683,ft,United States,MN,Dakota,MVP,True,"[{'name': 'Agency Aliases-NIDID', 'value': 'MN00594-Lock_01'}, {'name': 'Agency Aliases-CWMS Legacy Naming', 'value': 'LockDam_02-Lock_01'}, {'name': 'Agency Aliases-NWS Handbook 5 ID', 'value': 'HSTM5-Lock_01'}, {'name': 'Agency Aliases-CWMS Standard Naming', 'value': 'LockDam_02-Lock_01'}]",,Mississippi River Lock and Dam 02,Lock,0.0,0.0,NAD83,599.9999999999999,NAVD88,
MVP,MissHW_PineRiver-SlideGate07,Brainerd,Pine River Dam Slide Gate 07,OUTLET,US/Central,46.6683,-94.1116,m,United States,MN,Crow Wing,MVP,True,"[{'name': 'Agency Aliases-CWMS Standard Naming', 'value': 'MissHW_PineRiver-SlideGate07'}, {'name': 'Agency Aliases-NIDID', 'value': 'MN00582-SlideGate07'}, {'name': 'Agency Aliases-NWS Handbook 5 ID', 'value': 'CRLM5-SlideGate07'}, {'name': 'Agency Aliases-CWMS Legacy Naming', 'value': 'MissHW_PineRiver-SlideGate07'}]",,Pine River Dam at Cross Lake,,,,NAD83,365.76,NGVD29,
MVP,MissHW_Gull-Fishway,Brainerd,Gull Fishway 01,OUTLET,US/Central,46.4116,-94.3533,m,United States,MN,Cass,MVP,True,"[{'name': 'Agency Aliases-NIDID', 'value': 'MN00596-Fishway'}, {'name': 'Agency Aliases-CWMS Legacy Naming', 'value': 'MissHW_Gull-Fishway'}, {'name': 'Agency Aliases-CWMS Standard Naming', 'value': 'MissHW_Gull-Fishway'}, {'name': 'Agency Aliases-NWS Handbook 5 ID', 'value': 'GLLM5-Fishway'}]",,Gull Lake Dam,,,,NAD83,335.28,NGVD29,
MVP,LockDam_02-TainterGate04,Hastings,Lock and Dam 02 Tainter Gate 04,OUTLET,US/Central,44.7599,-92.8683,m,United States,MN,Dakota,MVP,True,"[{'name': 'Agency Aliases-NIDID', 'value': 'MN00594-TainterGate04'}, {'name': 'Agency Aliases-CWMS Legacy Naming', 'value': 'LockDam_02-TainterGate04'}, {'name': 'Agency Aliases-CWMS Standard Naming', 'value': 'LockDam_02-TainterGate04'}, {'name': 'Agency Aliases-NWS Handbook 5 ID', 'value': 'HSTM5-TainterGate04'}]",,Mississippi River Lock and Dam 02,,0.0,0.0,NAD83,182.88,NAVD88,
MVP,LockDam_05-Lock_01,Winona,Lock and Dam 05 Lock 01,LOCK,US/Central,44.1616,-91.8116,ft,United States,WI,Buffalo,MVP,True,"[{'name': 'Agency Aliases-CWMS Standard Naming', 'value': 'LockDam_05-Lock_01'}, {'name': 'Agency Aliases-NWS Handbook 5 ID', 'value': 'MSCM5-Lock_01'}, {'name': 'Agency Aliases-CWMS Legacy Naming', 'value': 'LockDam_05-Lock_01'}, {'name': 'Agency Aliases-NIDID', 'value': 'MN00589-Lock_01'}]",,Mississippi River Lock and Dam 05,Lock,0.0,0.0,NAD83,599.9999999999999,NAVD88,
MVP,LockDam_02-TainterGate06,Hastings,Lock and Dam 02 Tainter Gate 06,OUTLET,US/Central,44.7599,-92.8683,ft,United States,MN,Dakota,MVP,True,"[{'name': 'Agency Aliases-CWMS Legacy Naming', 'value': 'LockDam_02-TainterGate06'}, {'name': 'Agency Aliases-CWMS Standard Naming', 'value': 'LockDam_02-TainterGate06'}, {'name': 'Agency Aliases-NIDID', 'value': 'MN00594-TainterGate06'}, {'name': 'Agency Aliases-NWS Handbook 5 ID', 'value': 'HSTM5-TainterGate06'}]",,Mississippi River Lock and Dam 02,,0.0,0.0,NAD83,599.9999999999999,NAVD88,
MVP,LockDam_05a,Fountain City,Lock and Dam 5A,PROJECT,US/Central,44.0890583,-91.6722333,ft,United States,WI,Buffalo,MVP,True,"[{'name': 'Agency Aliases-CWMS Legacy Naming', 'value': 'LockDam_05a'}, {'name': 'Agency Aliases-NWS Handbook 5 ID', 'value': 'WIDM5'}, {'name': 'Agency Aliases-CWMS Standard Naming', 'value': 'LockDam_05a'}, {'name': 'Agency Aliases-NIDID', 'value': 'MN00588'}]",Lock and Dam 05a at Mississippi River 9 foot Channel Navigation Project,Lock and Dam 05a,Dam,0.0,0.0,NAD83,599.9999999999999,LOCAL,USACE Owned and Maintained
MVP,LockDam_02-CP_SoStPaul,Hastings,Lock and Dam 02 Control Point,SITE,US/Central,44.7599,-92.8683,m,United States,MN,Dakota,MVP,True,"[{'name': 'Agency Aliases-CWMS Legacy Naming', 'value': 'LockDam_02-CP_SoStPaul'}, {'name': 'Agency Aliases-CWMS Standard Naming', 'value': 'LockDam_02-CP_SoStPaul'}, {'name': 'Agency Aliases-NWS Handbook 5 ID', 'value': 'HSTM5-CP_SoStPaul'}, {'name': 'Agency Aliases-NIDID', 'value': 'MN00594-CP_SoStPaul'}]",,Mississippi River Lock and Dam 02,,0.0,0.0,NAD83,182.88,NAVD88,
MVP,MissHW_PineRiver-SlideGate05,Brainerd,Pine River Dam Slide Gate 05,OUTLET,US/Central,46.6683,-94.1116,m,United States,MN,Crow Wing,MVP,True,"[{'name': 'Agency Aliases-CWMS Standard Naming', 'value': 'MissHW_PineRiver-SlideGate05'}, {'name': 'Agency Aliases-NIDID', 'value': 'MN00582-SlideGate05'}, {'name': 'Agency Aliases-CWMS Legacy Naming', 'value': 'MissHW_PineRiver-SlideGate05'}, {'name': 'Agency Aliases-NWS Handbook 5 ID', 'value': 'CRLM5-SlideGate05'}]",,Pine River Dam at Cross Lake,,,,NAD83,365.76,NGVD29,
MVP,LockDam_05-RollerGate02,Winona,Lock and Dam 05 Roller Gate 02,OUTLET,US/Central,44.1616,-91.8116,ft,United States,WI,Buffalo,MVP,True,"[{'name': 'Agency Aliases-NIDID', 'value': 'MN00589-RollerGate02'}, {'name': 'Agency Aliases-CWMS Legacy Naming', 'value': 'LockDam_05-RollerGate02'}, {'name': 'Agency Aliases-CWMS Standard Naming', 'value': 'LockDam_05-RollerGate02'}, {'name': 'Agency Aliases-NWS Handbook 5 ID', 'value': 'MSCM5-RollerGate02'}]",Mississippi River Lock and Dam 05 Roller Gate 02,Mississippi River Lock and Dam 05 Gate,Gate,0.0,0.0,NAD83,599.9999999999999,NAVD88,
MVP,MissHW_Gull,Brainerd,Gull Lake Dam,PROJECT,US/Central,46.4110944,-94.353575,ft,United States,MN,Cass,MVP,True,"[{'name': 'Agency Aliases-NIDID', 'value': 'MN00596'}, {'name': 'Agency Aliases-CWMS Legacy Naming', 'value': 'MissHW_Gull'}, {'name': 'Agency Aliases-NWS Handbook 5 ID', 'value': 'GLLM5'}, {'name': 'Agency Aliases-CWMS Standard Naming', 'value': 'MissHW_Gull'}]",Mississippi River Headwater Gull Lake Dam,Gull Lake Dam,Dam,,,NAD83,1099.9999999999998,NGVD29,USACE Owned and Maintained
MVP,LockDam_05-TainterValves,Winona,Lock and Dam 05 Tainter Valves,OUTLET,US/Central,44.1616,-91.8116,m,United States,WI,Buffalo,MVP,True,"[{'name': 'Agency Aliases-NWS Handbook 5 ID', 'value': 'MSCM5-TainterValves'}, {'name': 'Agency Aliases-CWMS Legacy Naming', 'value': 'LockDam_05-TainterValves'}, {'name': 'Agency Aliases-CWMS Standard Naming', 'value': 'LockDam_05-TainterValves'}, {'name': 'Agency Aliases-NIDID', 'value': 'MN00589-TainterValves'}]",Mississippi River Lock and Dam 05 Tainter Valves,Mississippi River Lock and Dam 05,,0.0,0.0,NAD83,182.88,NAVD88,
MVP,LockDam_05-RollerGate04,Winona,Lock and Dam 05 Roller Gate 04,OUTLET,US/Central,44.1616,-91.8116,ft,United States,WI,Buffalo,MVP,True,"[{'name': 'Agency Aliases-NIDID', 'value': 'MN00589-RollerGate04'}, {'name': 'Agency Aliases-CWMS Standard Naming', 'value': 'LockDam_05-RollerGate04'}, {'name': 'Agency Aliases-CWMS Legacy Naming', 'value': 'LockDam_05-RollerGate04'}, {'name': 'Agency Aliases-NWS Handbook 5 ID', 'value': 'MSCM5-RollerGate04'}]",Mississippi River Lock and Dam 05 Roller Gate 04,Mississippi River Lock and Dam 05 Gate,Gate,0.0,0.0,NAD83,599.9999999999999,NAVD88,
MVP,Rafferty_Dam,Williston,Rafferty Reservoir,SITE,US/Central,49.1455556,-103.0944444,m,Canada,00,Unknown County or County N/A for Unknown State or State N/A,,True,"[{'name': 'Agency Aliases-CWMS Standard Naming', 'value': 'Rafferty_Dam'}, {'name': 'Agency Aliases-NWS Handbook 5 ID', 'value': 'RAFQ8'}, {'name': 'Agency Aliases-CWMS Legacy Naming', 'value': 'Rafferty_Dam'}, {'name': 'Agency Aliases-ECCC Station ID', 'value': '05NB032'}]","Rafferty Reservoir near Estevan, SK",Rafferty Reservoir near Estevan,DCP Gage,,,,,,Owner is Environment Canada
MVP,LockDam_02-TainterGate08,Hastings,Lock and Dam 02 Tainter Gate 08,OUTLET,US/Central,44.7599,-92.8683,m,United States,MN,Dakota,MVP,True,"[{'name': 'Agency Aliases-NWS Handbook 5 ID', 'value': 'HSTM5-TainterGate08'}, {'name': 'Agency Aliases-CWMS Legacy Naming', 'value': 'LockDam_02-TainterGate08'}, {'name': 'Agency Aliases-CWMS Standard Naming', 'value': 'LockDam_02-TainterGate08'}, {'name': 'Agency Aliases-NIDID', 'value': 'MN00594-TainterGate08'}]",,Mississippi River Lock and Dam 02,,0.0,0.0,NAD83,182.88,NAVD88,
MVP,MissHW_PineRiver-SlideGate13,Brainerd,Pine River Dam Slide Gate 13,OUTLET,US/Central,46.6683,-94.1116,m,United States,MN,Crow Wing,MVP,True,"[{'name': 'Agency Aliases-CWMS Legacy Naming', 'value': 'MissHW_PineRiver-SlideGate13'}, {'name': 'Agency Aliases-CWMS Standard Naming', 'value': 'MissHW_PineRiver-SlideGate13'}, {'name': 'Agency Aliases-NIDID', 'value': 'MN00582-SlideGate13'}, {'name': 'Agency Aliases-NWS Handbook 5 ID', 'value': 'CRLM5-SlideGate13'}]",,Pine River Dam at Cross Lake,,,,NAD83,365.76,NGVD29,
MVP,MissHW_PineRiver-Bays11_13,Brainerd,"Pine River Dam Bays 11, 12, & 13 - Slide Gates",SITE,US/Central,46.669057,-94.113025,m,United States,MN,Crow Wing,MVP,True,"[{'name': 'Agency Aliases-CWMS Standard Naming', 'value': 'MissHW_PineRiver-Bays11_13'}, {'name': 'Agency Aliases-CWMS Legacy Naming', 'value': 'MissHW_PineRiver-Bays11_13'}, {'name': 'Agency Aliases-NIDID', 'value': 'MN00582-Bays11_13'}, {'name': 'Agency Aliases-NWS Handbook 5 ID', 'value': 'CRLM5-Bays11_13'}]","Pine River Dam Bays 11, 12, & 13 - Slide Gates",Pine River Dam at Cross Lake,,-3.4028234663852886e+38,-3.4028234663852886e+38,NAD83,0.0,NGVD29,"Total opening of gates in bays 11, 12, 13"
MVP,LockDam_02-TainterGate10,Hastings,Lock and Dam 02 Tainter Gate 10,OUTLET,US/Central,44.7599,-92.8683,ft,United States,MN,Dakota,MVP,True,"[{'name': 'Agency Aliases-NIDID', 'value': 'MN00594-TainterGate10'}, {'name': 'Agency Aliases-NWS Handbook 5 ID', 'value': 'HSTM5-TainterGate10'}, {'name': 'Agency Aliases-CWMS Legacy Naming', 'value': 'LockDam_02-TainterGate10'}, {'name': 'Agency Aliases-CWMS Standard Naming', 'value': 'LockDam_02-TainterGate10'}]",,Mississippi River Lock and Dam 02,,0.0,0.0,NAD83,599.9999999999999,NAVD88,
MVP,LockDam_02,Hastings,Lock and Dam 2,PROJECT,US/Central,44.7621,-92.8712833,ft,United States,MN,Dakota,MVP,True,"[{'name': 'Agency Aliases-NIDID', 'value': 'MN00594'}, {'name': 'Agency Aliases-CWMS Legacy Naming', 'value': 'LockDam_02'}, {'name': 'Agency Aliases-CWMS Standard Naming', 'value': 'LockDam_02'}, {'name': 'Agency Aliases-NWS Handbook 5 ID', 'value': 'HSTM5'}]",Lock and Dam 02 at Mississippi River 9 foot ChannelNavigation Project,Lock and Dam 02,Dam,0.0,0.0,NAD83,599.9999999999999,LOCAL,"USACE Owned and Maintained, Brookfield Power operates hydropower"
MVP,LockDam_05a-TainterGates,Winona,Lock and Dam 05a Tainter Gates,SITE,US/Central,44.0883,-91.6699,m,United States,WI,Buffalo,MVP,True,"[{'name': 'Agency Aliases-CWMS Standard Naming', 'value': 'LockDam_05a-TainterGates'}, {'name': 'Agency Aliases-NWS Handbook 5 ID', 'value': 'WIDM5-TainterGates'}, {'name': 'Agency Aliases-CWMS Legacy Naming', 'value': 'LockDam_05a-TainterGates'}, {'name': 'Agency Aliases-NIDID', 'value': 'MN00588-TainterGates'}]",Mississippi River Lock and Dam 05a Tainter Gates,Mississippi River Lock and Dam 05a Tainter Gates,Gate,0.0,0.0,NAD83,182.88,NAVD88,
MVP,MissHW_PineRiver-Tailwater,Brainerd,Pine River Dam Tailwater,SITE,US/Central,46.6683,-94.1116,m,United States,MN,Crow Wing,MVP,True,"[{'name': 'Agency Aliases-NWS Handbook 5 ID', 'value': 'CRLM5-Tailwater'}, {'name': 'Agency Aliases-CWMS Legacy Naming', 'value': 'MissHW_PineRiver-Tailwater'}, {'name': 'Agency Aliases-CWMS Standard Naming', 'value': 'MissHW_PineRiver-Tailwater'}, {'name': 'Agency Aliases-NIDID', 'value': 'MN00582-Tailwater'}]",,Pine River Dam at Cross Lake,Dam,,,NAD83,365.76,NGVD29,
MVP,MissHW_PineRiver-SlideGate11,Brainerd,Pine River Dam Slide Gate 11,OUTLET,US/Central,46.6683,-94.1116,ft,United States,MN,Crow Wing,MVP,True,"[{'name': 'Agency Aliases-CWMS Legacy Naming', 'value': 'MissHW_PineRiver-SlideGate11'}, {'name': 'Agency Aliases-NWS Handbook 5 ID', 'value': 'CRLM5-SlideGate11'}, {'name': 'Agency Aliases-CWMS Standard Naming', 'value': 'MissHW_PineRiver-SlideGate11'}, {'name': 'Agency Aliases-NIDID', 'value': 'MN00582-SlideGate11'}]",,Pine River Dam at Cross Lake,,,,NAD83,1199.9999999999998,NGVD29,
MVP,LockDam_05-RollerGate06,Winona,Lock and Dam 05 Roller Gate 06,OUTLET,US/Central,44.1616,-91.8116,ft,United States,WI,Buffalo,MVP,True,"[{'name': 'Agency Aliases-CWMS Standard Naming', 'value': 'LockDam_05-RollerGate06'}, {'name': 'Agency Aliases-CWMS Legacy Naming', 'value': 'LockDam_05-RollerGate06'}, {'name': 'Agency Aliases-NWS Handbook 5 ID', 'value': 'MSCM5-RollerGate06'}, {'name': 'Agency Aliases-NIDID', 'value': 'MN00589-RollerGate06'}]",Mississippi River Lock and Dam 05 Roller Gate 06,Mississippi River Lock and Dam 05 Gate,Gate,0.0,0.0,NAD83,599.9999999999999,NAVD88,
